"V1","V2"
"1",">NC_000001.11 Homo sapiens chromosome 1, GRCh38.p13 Primary Assembly"
"3111958",">NT_187361.1 Homo sapiens chromosome 1 unlocalized genomic scaffold, GRCh38.p13 Primary Assembly HSCHR1_CTG1_UNLOCALIZED"
"3114148",">NT_187362.1 Homo sapiens chromosome 1 unlocalized genomic scaffold, GRCh38.p13 Primary Assembly HSCHR1_CTG2_UNLOCALIZED"
"3114550",">NT_187363.1 Homo sapiens chromosome 1 unlocalized genomic scaffold, GRCh38.p13 Primary Assembly HSCHR1_CTG3_UNLOCALIZED"
"3116148",">NT_187364.1 Homo sapiens chromosome 1 unlocalized genomic scaffold, GRCh38.p13 Primary Assembly HSCHR1_CTG4_UNLOCALIZED"
"3116985",">NT_187365.1 Homo sapiens chromosome 1 unlocalized genomic scaffold, GRCh38.p13 Primary Assembly HSCHR1_CTG5_UNLOCALIZED"
"3117489",">NT_187366.1 Homo sapiens chromosome 1 unlocalized genomic scaffold, GRCh38.p13 Primary Assembly HSCHR1_CTG6_UNLOCALIZED"
"3118018",">NT_187367.1 Homo sapiens chromosome 1 unlocalized genomic scaffold, GRCh38.p13 Primary Assembly HSCHR1_CTG7_UNLOCALIZED"
"3120220",">NT_187368.1 Homo sapiens chromosome 1 unlocalized genomic scaffold, GRCh38.p13 Primary Assembly HSCHR1_CTG8_UNLOCALIZED"
"3120731",">NT_187369.1 Homo sapiens chromosome 1 unlocalized genomic scaffold, GRCh38.p13 Primary Assembly HSCHR1_CTG9_UNLOCALIZED"
"3121254",">NC_000002.12 Homo sapiens chromosome 2, GRCh38.p13 Primary Assembly"
"6148675",">NT_187370.1 Homo sapiens chromosome 2 unlocalized genomic scaffold, GRCh38.p13 Primary Assembly HSCHR2_RANDOM_CTG1"
"6150695",">NT_187371.1 Homo sapiens chromosome 2 unlocalized genomic scaffold, GRCh38.p13 Primary Assembly HSCHR2_RANDOM_CTG2"
"6152619",">NC_000003.12 Homo sapiens chromosome 3, GRCh38.p13 Primary Assembly"
"8631315",">NT_167215.1 Homo sapiens chromosome 3 unlocalized genomic scaffold, GRCh38.p13 Primary Assembly HSCHR3UN_CTG2"
"8633259",">NC_000004.12 Homo sapiens chromosome 4, GRCh38.p13 Primary Assembly"
"11010942",">NT_113793.3 Homo sapiens chromosome 4 unlocalized genomic scaffold, GRCh38.p13 Primary Assembly HSCHR4_RANDOM_CTG4"
"11013565",">NC_000005.10 Homo sapiens chromosome 5, GRCh38.p13 Primary Assembly"
"13282795",">NT_113948.1 Homo sapiens chromosome 5 unlocalized genomic scaffold, GRCh38.p13 Primary Assembly HSCHR5_RANDOM_CTG1"
"13283955",">NC_000006.12 Homo sapiens chromosome 6, GRCh38.p13 Primary Assembly"
"15419031",">NC_000007.14 Homo sapiens chromosome 7, GRCh38.p13 Primary Assembly"
"17410857",">NC_000008.11 Homo sapiens chromosome 8, GRCh38.p13 Primary Assembly"
"19225091",">NC_000009.12 Homo sapiens chromosome 9, GRCh38.p13 Primary Assembly"
"20955026",">NT_187372.1 Homo sapiens chromosome 9 unlocalized genomic scaffold, GRCh38.p13 Primary Assembly HSCHR9_UNLOCALIZED_CTG1"
"20955528",">NT_187373.1 Homo sapiens chromosome 9 unlocalized genomic scaffold, GRCh38.p13 Primary Assembly HSCHR9_UNLOCALIZED_CTG2"
"20956005",">NT_187374.1 Homo sapiens chromosome 9 unlocalized genomic scaffold, GRCh38.p13 Primary Assembly HSCHR9_UNLOCALIZED_CTG3"
"20958217",">NT_187375.1 Homo sapiens chromosome 9 unlocalized genomic scaffold, GRCh38.p13 Primary Assembly HSCHR9_UNLOCALIZED_CTG4"
"20958707",">NC_000010.11 Homo sapiens chromosome 10, GRCh38.p13 Primary Assembly"
"22631176",">NC_000011.10 Homo sapiens chromosome 11, GRCh38.p13 Primary Assembly"
"24319760",">NT_187376.1 Homo sapiens chromosome 11 unlocalized genomic scaffold, GRCh38.p13 Primary Assembly HSCHR11_CTG1_UNLOCALIZED"
"24321015",">NC_000012.12 Homo sapiens chromosome 12, GRCh38.p13 Primary Assembly"
"25986958",">NC_000013.11 Homo sapiens chromosome 13, GRCh38.p13 Primary Assembly"
"27416514",">NC_000014.9 Homo sapiens chromosome 14, GRCh38.p13 Primary Assembly"
"28754562",">NT_113796.3 Homo sapiens chromosome 14 unlocalized genomic scaffold, GRCh38.p13 Primary Assembly HSCHR14_CTG1_UNLOCALIZED"
"28757085",">NT_167219.1 Homo sapiens chromosome 14 unlocalized genomic scaffold, GRCh38.p13 Primary Assembly HSCHR14_CTG2_UNLOCALIZED"
"28759726",">NT_187377.1 Homo sapiens chromosome 14 unlocalized genomic scaffold, GRCh38.p13 Primary Assembly HSCHR14_CTG3_UNLOCALIZED"
"28762153",">NT_113888.1 Homo sapiens chromosome 14 unlocalized genomic scaffold, GRCh38.p13 Primary Assembly HSCHR14_CTG4_UNLOCALIZED"
"28764548",">NT_187378.1 Homo sapiens chromosome 14 unlocalized genomic scaffold, GRCh38.p13 Primary Assembly HSCHR14_CTG5_UNLOCALIZED"
"28765026",">NT_187379.1 Homo sapiens chromosome 14 unlocalized genomic scaffold, GRCh38.p13 Primary Assembly HSCHR14_CTG6_UNLOCALIZED"
"28765522",">NT_187380.1 Homo sapiens chromosome 14 unlocalized genomic scaffold, GRCh38.p13 Primary Assembly HSCHR14_CTG7_UNLOCALIZED"
"28767684",">NT_187381.1 Homo sapiens chromosome 14 unlocalized genomic scaffold, GRCh38.p13 Primary Assembly HSCHR14_CTG8_UNLOCALIZED"
"28768232",">NC_000015.10 Homo sapiens chromosome 15, GRCh38.p13 Primary Assembly"
"30043123",">NT_187382.1 Homo sapiens chromosome 15 unlocalized genomic scaffold, GRCh38.p13 Primary Assembly HSCHR15_RANDOM_CTG1"
"30048728",">NC_000016.10 Homo sapiens chromosome 16, GRCh38.p13 Primary Assembly"
"31177959",">NT_187383.1 Homo sapiens chromosome 16 unlocalized genomic scaffold, GRCh38.p13 Primary Assembly HSCHR16_RANDOM_CTG1"
"31201370",">NC_000017.11 Homo sapiens chromosome 17, GRCh38.p13 Primary Assembly"
"32242090",">NT_113930.2 Homo sapiens chromosome 17 unlocalized genomic scaffold, GRCh38.p13 Primary Assembly HSCHR17_RANDOM_CTG3"
"32244411",">NT_187384.1 Homo sapiens chromosome 17 unlocalized genomic scaffold, GRCh38.p13 Primary Assembly HSCHR17_RANDOM_CTG4"
"32247923",">NT_187385.1 Homo sapiens chromosome 17 unlocalized genomic scaffold, GRCh38.p13 Primary Assembly HSCHR17_RANDOM_CTG5"
"32249331",">NC_000018.10 Homo sapiens chromosome 18, GRCh38.p13 Primary Assembly"
"33253999",">NC_000019.10 Homo sapiens chromosome 19, GRCh38.p13 Primary Assembly"
"33986721",">NC_000020.11 Homo sapiens chromosome 20, GRCh38.p13 Primary Assembly"
"34792275",">NC_000021.9 Homo sapiens chromosome 21, GRCh38.p13 Primary Assembly"
"35376151",">NC_000022.11 Homo sapiens chromosome 22, GRCh38.p13 Primary Assembly"
"36011383",">NT_187386.1 Homo sapiens chromosome 22 unlocalized genomic scaffold, GRCh38.p13 Primary Assembly HSCHR22_UNLOCALIZED_CTG1"
"36013269",">NT_187387.1 Homo sapiens chromosome 22 unlocalized genomic scaffold, GRCh38.p13 Primary Assembly HSCHR22_UNLOCALIZED_CTG2"
"36013790",">NT_187388.1 Homo sapiens chromosome 22 unlocalized genomic scaffold, GRCh38.p13 Primary Assembly HSCHR22_UNLOCALIZED_CTG3"
"36016039",">NT_187389.1 Homo sapiens chromosome 22 unlocalized genomic scaffold, GRCh38.p13 Primary Assembly HSCHR22_UNLOCALIZED_CTG4"
"36018104",">NT_187390.1 Homo sapiens chromosome 22 unlocalized genomic scaffold, GRCh38.p13 Primary Assembly HSCHR22_UNLOCALIZED_CTG5"
"36018641",">NT_187391.1 Homo sapiens chromosome 22 unlocalized genomic scaffold, GRCh38.p13 Primary Assembly HSCHR22_UNLOCALIZED_CTG6"
"36020916",">NT_187392.1 Homo sapiens chromosome 22 unlocalized genomic scaffold, GRCh38.p13 Primary Assembly HSCHR22_UNLOCALIZED_CTG7"
"36022215",">NT_187393.1 Homo sapiens chromosome 22 unlocalized genomic scaffold, GRCh38.p13 Primary Assembly HSCHR22_UNLOCALIZED_CTG8"
"36023459",">NT_187394.1 Homo sapiens chromosome 22 unlocalized genomic scaffold, GRCh38.p13 Primary Assembly HSCHR22_UNLOCALIZED_CTG9"
"36024385",">NC_000023.11 Homo sapiens chromosome X, GRCh38.p13 Primary Assembly"
"37974898",">NC_000024.10 Homo sapiens chromosome Y, GRCh38.p13 Primary Assembly"
"38690242",">NT_187395.1 Homo sapiens chromosome Y unlocalized genomic scaffold, GRCh38.p13 Primary Assembly HSCHRY_RANDOM_CTG1"
"38690709",">NT_187396.1 Homo sapiens unplaced genomic scaffold, GRCh38.p13 Primary Assembly HSCHRUN_RANDOM_100"
"38690739",">NT_187397.1 Homo sapiens unplaced genomic scaffold, GRCh38.p13 Primary Assembly HSCHRUN_RANDOM_101"
"38690768",">NT_187398.1 Homo sapiens unplaced genomic scaffold, GRCh38.p13 Primary Assembly HSCHRUN_RANDOM_102"
"38690794",">NT_187399.1 Homo sapiens unplaced genomic scaffold, GRCh38.p13 Primary Assembly HSCHRUN_RANDOM_103"
"38690814",">NT_187400.1 Homo sapiens unplaced genomic scaffold, GRCh38.p13 Primary Assembly HSCHRUN_RANDOM_104"
"38691084",">NT_187401.1 Homo sapiens unplaced genomic scaffold, GRCh38.p13 Primary Assembly HSCHRUN_RANDOM_105"
"38691141",">NT_187402.1 Homo sapiens unplaced genomic scaffold, GRCh38.p13 Primary Assembly HSCHRUN_RANDOM_106"
"38691158",">NT_187403.1 Homo sapiens unplaced genomic scaffold, GRCh38.p13 Primary Assembly HSCHRUN_RANDOM_107"
"38691178",">NT_187404.1 Homo sapiens unplaced genomic scaffold, GRCh38.p13 Primary Assembly HSCHRUN_RANDOM_108"
"38691208",">NT_187405.1 Homo sapiens unplaced genomic scaffold, GRCh38.p13 Primary Assembly HSCHRUN_RANDOM_109"
"38691222",">NT_187406.1 Homo sapiens unplaced genomic scaffold, GRCh38.p13 Primary Assembly HSCHRUN_RANDOM_110"
"38691378",">NT_187407.1 Homo sapiens unplaced genomic scaffold, GRCh38.p13 Primary Assembly HSCHRUN_RANDOM_111"
"38691851",">NT_187408.1 Homo sapiens unplaced genomic scaffold, GRCh38.p13 Primary Assembly HSCHRUN_RANDOM_112"
"38691867",">NT_187409.1 Homo sapiens unplaced genomic scaffold, GRCh38.p13 Primary Assembly HSCHRUN_RANDOM_113"
"38691902",">NT_187410.1 Homo sapiens unplaced genomic scaffold, GRCh38.p13 Primary Assembly HSCHRUN_RANDOM_114"
"38691935",">NT_187411.1 Homo sapiens unplaced genomic scaffold, GRCh38.p13 Primary Assembly HSCHRUN_RANDOM_115"
"38691949",">NT_187412.1 Homo sapiens unplaced genomic scaffold, GRCh38.p13 Primary Assembly HSCHRUN_RANDOM_116"
"38691977",">NT_187413.1 Homo sapiens unplaced genomic scaffold, GRCh38.p13 Primary Assembly HSCHRUN_RANDOM_117"
"38692008",">NT_187414.1 Homo sapiens unplaced genomic scaffold, GRCh38.p13 Primary Assembly HSCHRUN_RANDOM_118"
"38692036",">NT_187415.1 Homo sapiens unplaced genomic scaffold, GRCh38.p13 Primary Assembly HSCHRUN_RANDOM_119"
"38692063",">NT_187416.1 Homo sapiens unplaced genomic scaffold, GRCh38.p13 Primary Assembly HSCHRUN_RANDOM_120"
"38692083",">NT_187417.1 Homo sapiens unplaced genomic scaffold, GRCh38.p13 Primary Assembly HSCHRUN_RANDOM_121"
"38692097",">NT_187418.1 Homo sapiens unplaced genomic scaffold, GRCh38.p13 Primary Assembly HSCHRUN_RANDOM_122"
"38692122",">NT_187419.1 Homo sapiens unplaced genomic scaffold, GRCh38.p13 Primary Assembly HSCHRUN_RANDOM_123"
"38692141",">NT_187420.1 Homo sapiens unplaced genomic scaffold, GRCh38.p13 Primary Assembly HSCHRUN_RANDOM_124"
"38697043",">NT_187421.1 Homo sapiens unplaced genomic scaffold, GRCh38.p13 Primary Assembly HSCHRUN_RANDOM_125"
"38697060",">NT_187422.1 Homo sapiens unplaced genomic scaffold, GRCh38.p13 Primary Assembly HSCHRUN_RANDOM_126"
"38697084",">NT_187423.1 Homo sapiens unplaced genomic scaffold, GRCh38.p13 Primary Assembly HSCHRUN_RANDOM_127"
"38697134",">NT_187424.1 Homo sapiens unplaced genomic scaffold, GRCh38.p13 Primary Assembly HSCHRUN_RANDOM_128"
"38698298",">NT_187425.1 Homo sapiens unplaced genomic scaffold, GRCh38.p13 Primary Assembly HSCHRUN_RANDOM_129"
"38699706",">NT_187426.1 Homo sapiens unplaced genomic scaffold, GRCh38.p13 Primary Assembly HSCHRUN_RANDOM_130"
"38699758",">NT_187427.1 Homo sapiens unplaced genomic scaffold, GRCh38.p13 Primary Assembly HSCHRUN_RANDOM_131"
"38699790",">NT_187428.1 Homo sapiens unplaced genomic scaffold, GRCh38.p13 Primary Assembly HSCHRUN_RANDOM_132"
"38699820",">NT_187429.1 Homo sapiens unplaced genomic scaffold, GRCh38.p13 Primary Assembly HSCHRUN_RANDOM_133"
"38699849",">NT_187430.1 Homo sapiens unplaced genomic scaffold, GRCh38.p13 Primary Assembly HSCHRUN_RANDOM_134"
"38699875",">NT_187431.1 Homo sapiens unplaced genomic scaffold, GRCh38.p13 Primary Assembly HSCHRUN_RANDOM_135"
"38699893",">NT_187432.1 Homo sapiens unplaced genomic scaffold, GRCh38.p13 Primary Assembly HSCHRUN_RANDOM_136"
"38700178",">NT_187433.1 Homo sapiens unplaced genomic scaffold, GRCh38.p13 Primary Assembly HSCHRUN_RANDOM_137"
"38701906",">NT_187434.1 Homo sapiens unplaced genomic scaffold, GRCh38.p13 Primary Assembly HSCHRUN_RANDOM_138"
"38701978",">NT_187435.1 Homo sapiens unplaced genomic scaffold, GRCh38.p13 Primary Assembly HSCHRUN_RANDOM_139"
"38702081",">NT_187436.1 Homo sapiens unplaced genomic scaffold, GRCh38.p13 Primary Assembly HSCHRUN_RANDOM_140"
"38702162",">NT_187437.1 Homo sapiens unplaced genomic scaffold, GRCh38.p13 Primary Assembly HSCHRUN_RANDOM_141"
"38702230",">NT_187438.1 Homo sapiens unplaced genomic scaffold, GRCh38.p13 Primary Assembly HSCHRUN_RANDOM_142"
"38702272",">NT_187439.1 Homo sapiens unplaced genomic scaffold, GRCh38.p13 Primary Assembly HSCHRUN_RANDOM_143"
"38702297",">NT_187440.1 Homo sapiens unplaced genomic scaffold, GRCh38.p13 Primary Assembly HSCHRUN_RANDOM_144"
"38702336",">NT_187441.1 Homo sapiens unplaced genomic scaffold, GRCh38.p13 Primary Assembly HSCHRUN_RANDOM_145"
"38702365",">NT_187442.1 Homo sapiens unplaced genomic scaffold, GRCh38.p13 Primary Assembly HSCHRUN_RANDOM_146"
"38702379",">NT_187443.1 Homo sapiens unplaced genomic scaffold, GRCh38.p13 Primary Assembly HSCHRUN_RANDOM_147"
"38703522",">NT_187444.1 Homo sapiens unplaced genomic scaffold, GRCh38.p13 Primary Assembly HSCHRUN_RANDOM_148"
"38703539",">NT_187445.1 Homo sapiens unplaced genomic scaffold, GRCh38.p13 Primary Assembly HSCHRUN_RANDOM_149"
"38703560",">NT_187446.1 Homo sapiens unplaced genomic scaffold, GRCh38.p13 Primary Assembly HSCHRUN_RANDOM_154"
"38703579",">NT_187447.1 Homo sapiens unplaced genomic scaffold, GRCh38.p13 Primary Assembly HSCHRUN_RANDOM_155"
"38703618",">NT_187448.1 Homo sapiens unplaced genomic scaffold, GRCh38.p13 Primary Assembly HSCHRUN_RANDOM_156"
"38703639",">NT_187449.1 Homo sapiens unplaced genomic scaffold, GRCh38.p13 Primary Assembly HSCHRUN_RANDOM_157"
"38703729",">NT_187450.1 Homo sapiens unplaced genomic scaffold, GRCh38.p13 Primary Assembly HSCHRUN_RANDOM_158"
"38704118",">NT_187451.1 Homo sapiens unplaced genomic scaffold, GRCh38.p13 Primary Assembly HSCHRUN_RANDOM_159"
"38704675",">NT_187452.1 Homo sapiens unplaced genomic scaffold, GRCh38.p13 Primary Assembly HSCHRUN_RANDOM_160"
"38704735",">NT_187453.1 Homo sapiens unplaced genomic scaffold, GRCh38.p13 Primary Assembly HSCHRUN_RANDOM_161"
"38704793",">NT_187454.1 Homo sapiens unplaced genomic scaffold, GRCh38.p13 Primary Assembly HSCHRUN_RANDOM_162"
"38704876",">NT_187455.1 Homo sapiens unplaced genomic scaffold, GRCh38.p13 Primary Assembly HSCHRUN_RANDOM_163"
"38704954",">NT_187456.1 Homo sapiens unplaced genomic scaffold, GRCh38.p13 Primary Assembly HSCHRUN_RANDOM_164"
"38704994",">NT_187457.1 Homo sapiens unplaced genomic scaffold, GRCh38.p13 Primary Assembly HSCHRUN_RANDOM_165"
"38705068",">NT_187458.1 Homo sapiens unplaced genomic scaffold, GRCh38.p13 Primary Assembly HSCHRUN_RANDOM_166"
"38705090",">NT_187459.1 Homo sapiens unplaced genomic scaffold, GRCh38.p13 Primary Assembly HSCHRUN_RANDOM_167"
"38705104",">NT_187460.1 Homo sapiens unplaced genomic scaffold, GRCh38.p13 Primary Assembly HSCHRUN_RANDOM_168"
"38705123",">NT_187461.1 Homo sapiens unplaced genomic scaffold, GRCh38.p13 Primary Assembly HSCHRUN_RANDOM_169"
"38705158",">NT_187462.1 Homo sapiens unplaced genomic scaffold, GRCh38.p13 Primary Assembly HSCHRUN_RANDOM_170"
"38705173",">NT_187463.1 Homo sapiens unplaced genomic scaffold, GRCh38.p13 Primary Assembly HSCHRUN_RANDOM_171"
"38705192",">NT_187464.1 Homo sapiens unplaced genomic scaffold, GRCh38.p13 Primary Assembly HSCHRUN_RANDOM_172"
"38705211",">NT_187465.1 Homo sapiens unplaced genomic scaffold, GRCh38.p13 Primary Assembly HSCHRUN_RANDOM_173"
"38705225",">NT_187466.1 Homo sapiens unplaced genomic scaffold, GRCh38.p13 Primary Assembly HSCHRUN_RANDOM_174"
"38705241",">NT_187467.1 Homo sapiens unplaced genomic scaffold, GRCh38.p13 Primary Assembly HSCHRUN_RANDOM_175"
"38705265",">NT_187468.1 Homo sapiens unplaced genomic scaffold, GRCh38.p13 Primary Assembly HSCHRUN_RANDOM_176"
"38705302",">NT_187469.1 Homo sapiens unplaced genomic scaffold, GRCh38.p13 Primary Assembly HSCHRUN_RANDOM_177"
"38705348",">NT_187470.1 Homo sapiens unplaced genomic scaffold, GRCh38.p13 Primary Assembly HSCHRUN_RANDOM_178"
"38705453",">NT_187471.1 Homo sapiens unplaced genomic scaffold, GRCh38.p13 Primary Assembly HSCHRUN_RANDOM_179"
"38705468",">NT_187472.1 Homo sapiens unplaced genomic scaffold, GRCh38.p13 Primary Assembly HSCHRUN_RANDOM_180"
"38705483",">NT_187473.1 Homo sapiens unplaced genomic scaffold, GRCh38.p13 Primary Assembly HSCHRUN_RANDOM_181"
"38705501",">NT_187474.1 Homo sapiens unplaced genomic scaffold, GRCh38.p13 Primary Assembly HSCHRUN_RANDOM_182"
"38705532",">NT_187475.1 Homo sapiens unplaced genomic scaffold, GRCh38.p13 Primary Assembly HSCHRUN_RANDOM_183"
"38705553",">NT_187476.1 Homo sapiens unplaced genomic scaffold, GRCh38.p13 Primary Assembly HSCHRUN_RANDOM_184"
"38705569",">NT_187477.1 Homo sapiens unplaced genomic scaffold, GRCh38.p13 Primary Assembly HSCHRUN_RANDOM_185"
"38705594",">NT_187478.1 Homo sapiens unplaced genomic scaffold, GRCh38.p13 Primary Assembly HSCHRUN_RANDOM_186"
"38705611",">NT_187479.1 Homo sapiens unplaced genomic scaffold, GRCh38.p13 Primary Assembly HSCHRUN_RANDOM_187"
"38705625",">NT_187480.1 Homo sapiens unplaced genomic scaffold, GRCh38.p13 Primary Assembly HSCHRUN_RANDOM_188"
"38705649",">NT_187481.1 Homo sapiens unplaced genomic scaffold, GRCh38.p13 Primary Assembly HSCHRUN_RANDOM_189"
"38705669",">NT_187482.1 Homo sapiens unplaced genomic scaffold, GRCh38.p13 Primary Assembly HSCHRUN_RANDOM_190"
"38705692",">NT_187483.1 Homo sapiens unplaced genomic scaffold, GRCh38.p13 Primary Assembly HSCHRUN_RANDOM_191"
"38705710",">NT_187484.1 Homo sapiens unplaced genomic scaffold, GRCh38.p13 Primary Assembly HSCHRUN_RANDOM_192"
"38705732",">NT_187485.1 Homo sapiens unplaced genomic scaffold, GRCh38.p13 Primary Assembly HSCHRUN_RANDOM_193"
"38705746",">NT_187486.1 Homo sapiens unplaced genomic scaffold, GRCh38.p13 Primary Assembly HSCHRUN_RANDOM_194"
"38705772",">NT_187487.1 Homo sapiens unplaced genomic scaffold, GRCh38.p13 Primary Assembly HSCHRUN_RANDOM_195"
"38705786",">NT_187488.1 Homo sapiens unplaced genomic scaffold, GRCh38.p13 Primary Assembly HSCHRUN_RANDOM_196"
"38705840",">NT_187489.1 Homo sapiens unplaced genomic scaffold, GRCh38.p13 Primary Assembly HSCHRUN_RANDOM_197"
"38705856",">NT_187490.1 Homo sapiens unplaced genomic scaffold, GRCh38.p13 Primary Assembly HSCHRUN_RANDOM_198"
"38705891",">NT_187491.1 Homo sapiens unplaced genomic scaffold, GRCh38.p13 Primary Assembly HSCHRUN_RANDOM_199"
"38705913",">NT_187492.1 Homo sapiens unplaced genomic scaffold, GRCh38.p13 Primary Assembly HSCHRUN_RANDOM_200"
"38705933",">NT_187493.1 Homo sapiens unplaced genomic scaffold, GRCh38.p13 Primary Assembly HSCHRUN_RANDOM_201"
"38705964",">NT_187494.1 Homo sapiens unplaced genomic scaffold, GRCh38.p13 Primary Assembly HSCHRUN_RANDOM_202"
"38706001",">NT_187495.1 Homo sapiens unplaced genomic scaffold, GRCh38.p13 Primary Assembly HSCHRUN_RANDOM_203"
"38706102",">NT_187496.1 Homo sapiens unplaced genomic scaffold, GRCh38.p13 Primary Assembly HSCHRUN_RANDOM_204"
"38706199",">NT_113901.1 Homo sapiens unplaced genomic scaffold, GRCh38.p13 Primary Assembly HSCHRUN_RANDOM_CTG1"
"38708487",">NT_167213.1 Homo sapiens unplaced genomic scaffold, GRCh38.p13 Primary Assembly HSCHRUN_RANDOM_CTG10"
"38710728",">NT_167214.1 Homo sapiens unplaced genomic scaffold, GRCh38.p13 Primary Assembly HSCHRUN_RANDOM_CTG11"
"38712752",">NT_167218.1 Homo sapiens unplaced genomic scaffold, GRCh38.p13 Primary Assembly HSCHRUN_RANDOM_CTG16"
"38715000",">NT_187497.1 Homo sapiens unplaced genomic scaffold, GRCh38.p13 Primary Assembly HSCHRUN_RANDOM_CTG17"
"38716969",">NT_167220.1 Homo sapiens unplaced genomic scaffold, GRCh38.p13 Primary Assembly HSCHRUN_RANDOM_CTG19"
"38717158",">NT_167208.1 Homo sapiens unplaced genomic scaffold, GRCh38.p13 Primary Assembly HSCHRUN_RANDOM_CTG2"
"38719212",">NT_187498.1 Homo sapiens unplaced genomic scaffold, GRCh38.p13 Primary Assembly HSCHRUN_RANDOM_CTG20"
"38721847",">NT_187499.1 Homo sapiens unplaced genomic scaffold, GRCh38.p13 Primary Assembly HSCHRUN_RANDOM_CTG21"
"38723954",">NT_187500.1 Homo sapiens unplaced genomic scaffold, GRCh38.p13 Primary Assembly HSCHRUN_RANDOM_CTG22"
"38724479",">NT_187501.1 Homo sapiens unplaced genomic scaffold, GRCh38.p13 Primary Assembly HSCHRUN_RANDOM_CTG23"
"38725312",">NT_187502.1 Homo sapiens unplaced genomic scaffold, GRCh38.p13 Primary Assembly HSCHRUN_RANDOM_CTG24"
"38727798",">NT_187503.1 Homo sapiens unplaced genomic scaffold, GRCh38.p13 Primary Assembly HSCHRUN_RANDOM_CTG25"
"38728966",">NT_187504.1 Homo sapiens unplaced genomic scaffold, GRCh38.p13 Primary Assembly HSCHRUN_RANDOM_CTG26"
"38730952",">NT_187505.1 Homo sapiens unplaced genomic scaffold, GRCh38.p13 Primary Assembly HSCHRUN_RANDOM_CTG27"
"38732814",">NT_187506.1 Homo sapiens unplaced genomic scaffold, GRCh38.p13 Primary Assembly HSCHRUN_RANDOM_CTG28"
"38734700",">NT_187508.1 Homo sapiens unplaced genomic scaffold, GRCh38.p13 Primary Assembly HSCHRUN_RANDOM_CTG30"
"38735488",">NT_187509.1 Homo sapiens unplaced genomic scaffold, GRCh38.p13 Primary Assembly HSCHRUN_RANDOM_CTG33"
"38735992",">NT_187510.1 Homo sapiens unplaced genomic scaffold, GRCh38.p13 Primary Assembly HSCHRUN_RANDOM_CTG34"
"38736453",">NT_187511.1 Homo sapiens unplaced genomic scaffold, GRCh38.p13 Primary Assembly HSCHRUN_RANDOM_CTG35"
"38737449",">NT_187512.1 Homo sapiens unplaced genomic scaffold, GRCh38.p13 Primary Assembly HSCHRUN_RANDOM_CTG36"
"38738341",">NT_167209.1 Homo sapiens unplaced genomic scaffold, GRCh38.p13 Primary Assembly HSCHRUN_RANDOM_CTG4"
"38740064",">NT_187513.1 Homo sapiens unplaced genomic scaffold, GRCh38.p13 Primary Assembly HSCHRUN_RANDOM_CTG42"
"38742400",">NT_167211.2 Homo sapiens unplaced genomic scaffold, GRCh38.p13 Primary Assembly HSCHRUN_RANDOM_CTG6"
"38744609",">NT_113889.1 Homo sapiens unplaced genomic scaffold, GRCh38.p13 Primary Assembly HSCHRUN_RANDOM_CTG9"
"38746625",">NW_012132914.1 Homo sapiens chromosome 1 genomic patch of type FIX, GRCh38.p13 PATCHES HG1342_HG2282_PATCH"
"38752466",">NW_015495298.1 Homo sapiens chromosome 1 genomic patch of type NOVEL, GRCh38.p13 PATCHES HSCHR1_5_CTG3"
"38755951",">NW_011332688.1 Homo sapiens chromosome 1 genomic patch of type FIX, GRCh38.p13 PATCHES HG2095_PATCH"
"38759772",">NW_014040926.1 Homo sapiens chromosome 1 genomic patch of type NOVEL, GRCh38.p13 PATCHES HSCHR1_4_CTG3"
"38764148",">NW_009646195.1 Homo sapiens chromosome 1 genomic patch of type FIX, GRCh38.p13 PATCHES HG2058_PATCH"
"38766227",">NW_018654706.1 Homo sapiens chromosome 1 genomic patch of type NOVEL, GRCh38.p13 PATCHES HSCHR1_8_CTG3"
"38768305",">NW_019805487.1 Homo sapiens chromosome 1 genomic patch of type FIX, GRCh38.p13 PATCHES HG460_PATCH"
"38768868",">NW_009646194.1 Homo sapiens chromosome 1 genomic patch of type FIX, GRCh38.p13 PATCHES HG986_PATCH"
"38771201",">NW_018654707.1 Homo sapiens chromosome 1 genomic patch of type NOVEL, GRCh38.p13 PATCHES HSCHR1_9_CTG3"
"38772957",">NW_014040925.1 Homo sapiens chromosome 1 genomic patch of type NOVEL, GRCh38.p13 PATCHES HSCHR1_3_CTG3"
"38774721",">NW_017852928.1 Homo sapiens chromosome 1 genomic patch of type NOVEL, GRCh38.p13 PATCHES HSCHR1_6_CTG3"
"38781610",">NW_009646196.1 Homo sapiens chromosome 1 genomic patch of type FIX, GRCh38.p13 PATCHES HG2104_PATCH"
"38783137",">NW_011332687.1 Homo sapiens chromosome 1 genomic patch of type FIX, GRCh38.p13 PATCHES HG1832_PATCH"
"38788890",">NW_018654708.1 Homo sapiens chromosome 1 genomic patch of type FIX, GRCh38.p13 PATCHES HG2002_PATCH"
"38793017",">NW_014040927.1 Homo sapiens chromosome 1 genomic patch of type NOVEL, GRCh38.p13 PATCHES HSCHR1_5_CTG32_1"
"38795671",">NW_021159988.1 Homo sapiens chromosome 2 genomic patch of type FIX, GRCh38.p13 PATCHES HG1384_PATCH"
"38796723",">NW_012132915.1 Homo sapiens chromosome 2 genomic patch of type FIX, GRCh38.p13 PATCHES HG2290_PATCH"
"38802740",">NW_018654709.1 Homo sapiens chromosome 2 genomic patch of type NOVEL, GRCh38.p13 PATCHES HSCHR2_7_CTG7_2"
"38805012",">NW_015495299.1 Homo sapiens chromosome 2 genomic patch of type NOVEL, GRCh38.p13 PATCHES HSCHR2_6_CTG7_2"
"38811702",">NW_018654710.1 Homo sapiens chromosome 2 genomic patch of type NOVEL, GRCh38.p13 PATCHES HSCHR2_8_CTG7_2"
"38813458",">NW_011332690.1 Homo sapiens chromosome 2 genomic patch of type FIX, GRCh38.p13 PATCHES HG2232_PATCH"
"38818028",">NW_021159987.1 Homo sapiens chromosome 2 genomic patch of type FIX, GRCh38.p13 PATCHES HG721_PATCH"
"38819854",">NW_011332689.1 Homo sapiens chromosome 2 genomic patch of type FIX, GRCh38.p13 PATCHES HG2233_PATCH"
"38822457",">NW_017363813.1 Homo sapiens chromosome 3 genomic patch of type FIX, GRCh38.p13 PATCHES HG2236_PATCH"
"38827604",">NW_009646197.1 Homo sapiens chromosome 3 genomic patch of type FIX, GRCh38.p13 PATCHES HG2066_PATCH"
"38833245",">NW_012132916.1 Homo sapiens chromosome 3 genomic patch of type FIX, GRCh38.p13 PATCHES HG2235_PATCH"
"38837918",">NW_011332691.1 Homo sapiens chromosome 3 genomic patch of type FIX, GRCh38.p13 PATCHES HG126_PATCH"
"38843111",">NW_021159989.1 Homo sapiens chromosome 3 genomic patch of type NOVEL, GRCh38.p13 PATCHES HSCHR3_5_CTG1"
"38845806",">NW_018654711.1 Homo sapiens chromosome 3 genomic patch of type NOVEL, GRCh38.p13 PATCHES HSCHR3_4_CTG1"
"38848006",">NW_012132917.1 Homo sapiens chromosome 3 genomic patch of type FIX, GRCh38.p13 PATCHES HG2237_PATCH"
"38850079",">NW_009646198.1 Homo sapiens chromosome 3 genomic patch of type FIX, GRCh38.p13 PATCHES HG2022_PATCH"
"38853905",">NW_019805491.1 Homo sapiens chromosome 3 genomic patch of type FIX, GRCh38.p13 PATCHES HG2133_PATCH"
"38855226",">NW_019805492.1 Homo sapiens chromosome 3 genomic patch of type NOVEL, GRCh38.p13 PATCHES HSCHR3_6_CTG2_1"
"38857666",">NW_019805490.1 Homo sapiens chromosome 3 genomic patch of type NOVEL, GRCh38.p13 PATCHES HSCHR3_9_CTG2_1"
"38861454",">NW_019805489.1 Homo sapiens chromosome 3 genomic patch of type NOVEL, GRCh38.p13 PATCHES HSCHR3_8_CTG2_1"
"38863927",">NW_019805488.1 Homo sapiens chromosome 3 genomic patch of type NOVEL, GRCh38.p13 PATCHES HSCHR3_7_CTG2_1"
"38865979",">NW_021159990.1 Homo sapiens chromosome 4 genomic patch of type FIX, GRCh38.p13 PATCHES HG699_PATCH"
"38868927",">NW_021159993.1 Homo sapiens chromosome 4 genomic patch of type FIX, GRCh38.p13 PATCHES HG1298_PATCH"
"38871137",">NW_013171799.1 Homo sapiens chromosome 4 genomic patch of type NOVEL, GRCh38.p13 PATCHES HSCHR4_2_CTG4"
"38872275",">NW_021159992.1 Homo sapiens chromosome 4 genomic patch of type FIX, GRCh38.p13 PATCHES HG1299_PATCH"
"38872945",">NW_021159994.1 Homo sapiens chromosome 4 genomic patch of type FIX, GRCh38.p13 PATCHES HG1296_PATCH"
"38874516",">NW_021159991.1 Homo sapiens chromosome 4 genomic patch of type FIX, GRCh38.p13 PATCHES HG2525_PATCH"
"38878781",">NW_021159995.1 Homo sapiens chromosome 4 genomic patch of type FIX, GRCh38.p13 PATCHES HG705_PATCH"
"38882234",">NW_013171800.1 Homo sapiens chromosome 4 genomic patch of type NOVEL, GRCh38.p13 PATCHES HSCHR4_8_CTG12"
"38884282",">NW_013171801.1 Homo sapiens chromosome 4 genomic patch of type NOVEL, GRCh38.p13 PATCHES HSCHR4_9_CTG12"
"38887240",">NW_017363814.1 Homo sapiens chromosome 4 genomic patch of type NOVEL, GRCh38.p13 PATCHES HSCHR4_12_CTG12"
"38892500",">NW_015495300.1 Homo sapiens chromosome 4 genomic patch of type FIX, GRCh38.p13 PATCHES HG2023_PATCH"
"38895382",">NW_015495301.1 Homo sapiens chromosome 4 genomic patch of type NOVEL, GRCh38.p13 PATCHES HSCHR4_11_CTG12"
"38897951",">NW_018654712.1 Homo sapiens chromosome 5 genomic patch of type NOVEL, GRCh38.p13 PATCHES HSCHR5_9_CTG1"
"38899652",">NW_009646199.1 Homo sapiens chromosome 5 genomic patch of type NOVEL, GRCh38.p13 PATCHES HSCHR5_7_CTG1"
"38901392",">NW_016107297.1 Homo sapiens chromosome 5 genomic patch of type NOVEL, GRCh38.p13 PATCHES HSCHR5_8_CTG1"
"38905921",">NW_021159996.1 Homo sapiens chromosome 5 genomic patch of type FIX, GRCh38.p13 PATCHES HG1395_PATCH"
"38907047",">NW_016107298.1 Homo sapiens chromosome 5 genomic patch of type FIX, GRCh38.p13 PATCHES HG30_PATCH"
"38915462",">NW_018654713.1 Homo sapiens chromosome 6 genomic patch of type FIX, GRCh38.p13 PATCHES HG2057_PATCH"
"38918498",">NW_013171803.1 Homo sapiens chromosome 6 genomic patch of type NOVEL, GRCh38.p13 PATCHES HSCHR6_1_CTG10"
"38919528",">NW_012132918.1 Homo sapiens chromosome 6 genomic patch of type FIX, GRCh38.p13 PATCHES HG1651_PATCH"
"38923539",">NW_009646200.1 Homo sapiens chromosome 6 genomic patch of type FIX, GRCh38.p13 PATCHES HG2128_PATCH"
"38926895",">NW_013171802.1 Homo sapiens chromosome 6 genomic patch of type FIX, GRCh38.p13 PATCHES HG2072_PATCH"
"38929968",">NW_017363815.1 Homo sapiens chromosome 6 genomic patch of type FIX, GRCh38.p13 PATCHES HG2121_PATCH"
"38931712",">NW_021159997.1 Homo sapiens chromosome 6 genomic patch of type FIX, GRCh38.p13 PATCHES HG563_PATCH"
"38932629",">NW_021159998.1 Homo sapiens chromosome 7 genomic patch of type FIX, GRCh38.p13 PATCHES HG1309_PATCH"
"38935815",">NW_019805493.1 Homo sapiens chromosome 7 genomic patch of type NOVEL, GRCh38.p13 PATCHES HSCHR7_3_CTG1"
"38937973",">NW_017852929.1 Homo sapiens chromosome 7 genomic patch of type FIX, GRCh38.p13 PATCHES HG2088_PATCH"
"38939751",">NW_017852930.1 Homo sapiens chromosome 7 genomic patch of type FIX, GRCh38.p13 PATCHES HG2266_PATCH"
"38945606",">NW_018654714.1 Homo sapiens chromosome 7 genomic patch of type FIX, GRCh38.p13 PATCHES HG708_PATCH"
"38952978",">NW_018654715.1 Homo sapiens chromosome 7 genomic patch of type NOVEL, GRCh38.p13 PATCHES HSCHR7_3_CTG4_4"
"38961488",">NW_012132919.1 Homo sapiens chromosome 7 genomic patch of type FIX, GRCh38.p13 PATCHES HG2239_PATCH"
"38963739",">NW_018654717.1 Homo sapiens chromosome 8 genomic patch of type FIX, GRCh38.p13 PATCHES HG76_PATCH"
"39043335",">NW_017852932.1 Homo sapiens chromosome 8 genomic patch of type FIX, GRCh38.p13 PATCHES HG2068_PATCH"
"39046660",">NW_017852931.1 Homo sapiens chromosome 8 genomic patch of type FIX, GRCh38.p13 PATCHES HG2067_PATCH"
"39048624",">NW_019805494.1 Homo sapiens chromosome 8 genomic patch of type NOVEL, GRCh38.p13 PATCHES HSCHR8_7_CTG7"
"39049914",">NW_018654716.1 Homo sapiens chromosome 8 genomic patch of type FIX, GRCh38.p13 PATCHES HG2419_PATCH"
"39051979",">NW_013171804.1 Homo sapiens chromosome 9 genomic patch of type NOVEL, GRCh38.p13 PATCHES HSCHR9_1_CTG6"
"39054029",">NW_013171805.1 Homo sapiens chromosome 9 genomic patch of type NOVEL, GRCh38.p13 PATCHES HSCHR9_1_CTG7"
"39055707",">NW_009646201.1 Homo sapiens chromosome 9 genomic patch of type FIX, GRCh38.p13 PATCHES HG2030_PATCH"
"39059836",">NW_021159999.1 Homo sapiens chromosome 9 genomic patch of type FIX, GRCh38.p13 PATCHES HG613_PATCH"
"39060155",">NW_021160000.1 Homo sapiens chromosome 10 genomic patch of type FIX, GRCh38.p13 PATCHES HG545_PATCH"
"39065844",">NW_011332694.1 Homo sapiens chromosome 10 genomic patch of type FIX, GRCh38.p13 PATCHES HG2244_HG2245_PATCH"
"39071098",">NW_021160001.1 Homo sapiens chromosome 10 genomic patch of type FIX, GRCh38.p13 PATCHES HG1277_PATCH"
"39074761",">NW_013171806.1 Homo sapiens chromosome 10 genomic patch of type NOVEL, GRCh38.p13 PATCHES HSCHR10_1_CTG6"
"39077081",">NW_009646202.1 Homo sapiens chromosome 10 genomic patch of type FIX, GRCh38.p13 PATCHES HG2191_PATCH"
"39080555",">NW_013171807.1 Homo sapiens chromosome 10 genomic patch of type FIX, GRCh38.p13 PATCHES HG2334_PATCH"
"39083863",">NW_011332693.1 Homo sapiens chromosome 10 genomic patch of type FIX, GRCh38.p13 PATCHES HG2242_HG2243_PATCH"
"39084931",">NW_011332692.1 Homo sapiens chromosome 10 genomic patch of type FIX, GRCh38.p13 PATCHES HG2241_PATCH"
"39085112",">NW_015148966.1 Homo sapiens chromosome 11 genomic patch of type FIX, GRCh38.p13 PATCHES HG107_PATCH"
"39087575",">NW_021160004.1 Homo sapiens chromosome 11 genomic patch of type FIX, GRCh38.p13 PATCHES HG28_PATCH"
"39090953",">NW_011332695.1 Homo sapiens chromosome 11 genomic patch of type NOVEL, GRCh38.p13 PATCHES HSCHR11_1_CTG1_2"
"39093499",">NW_021160006.1 Homo sapiens chromosome 11 genomic patch of type FIX, GRCh38.p13 PATCHES HG2111_PATCH"
"39095637",">NW_019805496.1 Homo sapiens chromosome 11 genomic patch of type FIX, GRCh38.p13 PATCHES HG2114_PATCH"
"39099134",">NW_019805495.1 Homo sapiens chromosome 11 genomic patch of type FIX, GRCh38.p13 PATCHES HG2060_PATCH"
"39102951",">NW_017363816.1 Homo sapiens chromosome 11 genomic patch of type FIX, GRCh38.p13 PATCHES HG1708_PATCH"
"39104713",">NW_019805498.1 Homo sapiens chromosome 11 genomic patch of type NOVEL, GRCh38.p13 PATCHES HSCHR11_1_CTG3_1"
"39106979",">NW_021160005.1 Homo sapiens chromosome 11 genomic patch of type FIX, GRCh38.p13 PATCHES HG2115_PATCH"
"39109694",">NW_021160003.1 Homo sapiens chromosome 11 genomic patch of type FIX, GRCh38.p13 PATCHES HG1445_PATCH"
"39111763",">NW_019805497.1 Homo sapiens chromosome 11 genomic patch of type NOVEL, GRCh38.p13 PATCHES HSCHR11_2_CTG8"
"39115535",">NW_013171808.1 Homo sapiens chromosome 11 genomic patch of type FIX, GRCh38.p13 PATCHES HG2116_PATCH"
"39117811",">NW_021160002.1 Homo sapiens chromosome 11 genomic patch of type FIX, GRCh38.p13 PATCHES HG1521_PATCH"
"39118378",">NW_009646203.1 Homo sapiens chromosome 11 genomic patch of type FIX, GRCh38.p13 PATCHES HG2217_PATCH"
"39119740",">NW_013171809.1 Homo sapiens chromosome 12 genomic patch of type NOVEL, GRCh38.p13 PATCHES HSCHR12_2_CTG1"
"39121108",">NW_018654718.1 Homo sapiens chromosome 12 genomic patch of type FIX, GRCh38.p13 PATCHES HG1815_PATCH"
"39134195",">NW_021160008.1 Homo sapiens chromosome 12 genomic patch of type FIX, GRCh38.p13 PATCHES HG1398_PATCH"
"39136603",">NW_011332696.1 Homo sapiens chromosome 12 genomic patch of type FIX, GRCh38.p13 PATCHES HG1362_PATCH"
"39143367",">NW_009646204.1 Homo sapiens chromosome 12 genomic patch of type FIX, GRCh38.p13 PATCHES HG23_PATCH"
"39146011",">NW_018654720.1 Homo sapiens chromosome 12 genomic patch of type NOVEL, GRCh38.p13 PATCHES HSCHR12_8_CTG2_1"
"39148198",">NW_015148967.1 Homo sapiens chromosome 12 genomic patch of type FIX, GRCh38.p13 PATCHES HG2063_PATCH"
"39152145",">NW_018654719.1 Homo sapiens chromosome 12 genomic patch of type FIX, GRCh38.p13 PATCHES HG2047_PATCH"
"39152955",">NW_011332697.1 Homo sapiens chromosome 12 genomic patch of type FIX, GRCh38.p13 PATCHES HG2247_PATCH"
"39154038",">NW_019805499.1 Homo sapiens chromosome 12 genomic patch of type NOVEL, GRCh38.p13 PATCHES HSCHR12_9_CTG2_1"
"39155966",">NW_021160007.1 Homo sapiens chromosome 12 genomic patch of type FIX, GRCh38.p13 PATCHES HG2246_HG2248_HG2276_PATCH"
"39159687",">NW_021160012.1 Homo sapiens chromosome 13 genomic patch of type FIX, GRCh38.p13 PATCHES HG2509_PATCH"
"39164812",">NW_011332699.1 Homo sapiens chromosome 13 genomic patch of type FIX, GRCh38.p13 PATCHES HG2291_PATCH"
"39169273",">NW_013171810.1 Homo sapiens chromosome 13 genomic patch of type NOVEL, GRCh38.p13 PATCHES HSCHR13_1_CTG7"
"39171376",">NW_021160009.1 Homo sapiens chromosome 13 genomic patch of type FIX, GRCh38.p13 PATCHES HG1817_1_PATCH"
"39171469",">NW_009646205.1 Homo sapiens chromosome 13 genomic patch of type FIX, GRCh38.p13 PATCHES HG2216_PATCH"
"39171914",">NW_011332700.1 Homo sapiens chromosome 13 genomic patch of type FIX, GRCh38.p13 PATCHES HG2249_PATCH"
"39173775",">NW_013171811.1 Homo sapiens chromosome 13 genomic patch of type NOVEL, GRCh38.p13 PATCHES HSCHR13_1_CTG8"
"39175320",">NW_021160010.1 Homo sapiens chromosome 13 genomic patch of type FIX, GRCh38.p13 PATCHES HG1523_PATCH"
"39177308",">NW_021160011.1 Homo sapiens chromosome 13 genomic patch of type FIX, GRCh38.p13 PATCHES HG1524_PATCH"
"39178127",">NW_011332698.1 Homo sapiens chromosome 13 genomic patch of type FIX, GRCh38.p13 PATCHES HG2288_HG2289_PATCH"
"39180707",">NW_021160013.1 Homo sapiens chromosome 14 genomic patch of type FIX, GRCh38.p13 PATCHES HG2510_PATCH"
"39185698",">NW_018654722.1 Homo sapiens chromosome 14 genomic patch of type FIX, GRCh38.p13 PATCHES HG1_PATCH"
"39194336",">NW_021160014.1 Homo sapiens chromosome 14 genomic patch of type NOVEL, GRCh38.p13 PATCHES HSCHR14_9_CTG1"
"39197640",">NW_018654721.1 Homo sapiens chromosome 14 genomic patch of type NOVEL, GRCh38.p13 PATCHES HSCHR14_8_CTG1"
"39199789",">NW_011332701.1 Homo sapiens chromosome 15 genomic patch of type FIX, GRCh38.p13 PATCHES HG2139_PATCH"
"39262278",">NW_021160018.1 Homo sapiens chromosome 15 genomic patch of type FIX, GRCh38.p13 PATCHES HG2511_PATCH"
"39267236",">NW_021160017.1 Homo sapiens chromosome 15 genomic patch of type FIX, GRCh38.p13 PATCHES HG2365_PATCH"
"39335993",">NW_012132920.1 Homo sapiens chromosome 15 genomic patch of type NOVEL, GRCh38.p13 PATCHES HSCHR15_6_CTG8"
"39365562",">NW_021160016.1 Homo sapiens chromosome 15 genomic patch of type FIX, GRCh38.p13 PATCHES HG2198_PATCH"
"39370179",">NW_021160015.1 Homo sapiens chromosome 15 genomic patch of type FIX, GRCh38.p13 PATCHES HG2499_PATCH"
"39371403",">NW_013171812.1 Homo sapiens chromosome 16 genomic patch of type NOVEL, GRCh38.p13 PATCHES HSCHR16_5_CTG1"
"39372142",">NW_019805500.1 Homo sapiens chromosome 16 genomic patch of type FIX, GRCh38.p13 PATCHES HG2263_PATCH"
"39378149",">NW_017852933.1 Homo sapiens chromosome 16 genomic patch of type FIX, GRCh38.p13 PATCHES HG926_PATCH"
"39402239",">NW_021160019.1 Homo sapiens chromosome 16 genomic patch of type FIX, GRCh38.p13 PATCHES HG2471_PATCH"
"39405628",">NW_013171813.1 Homo sapiens chromosome 16 genomic patch of type NOVEL, GRCh38.p13 PATCHES HSCHR16_4_CTG3_1"
"39408973",">NW_018654723.1 Homo sapiens chromosome 16 genomic patch of type NOVEL, GRCh38.p13 PATCHES HSCHR16_5_CTG3_1"
"39409957",">NW_012132921.1 Homo sapiens chromosome 16 genomic patch of type NOVEL, GRCh38.p13 PATCHES HSCHR16_3_CTG3_1"
"39412073",">NW_017363817.1 Homo sapiens chromosome 17 genomic patch of type FIX, GRCh38.p13 PATCHES HG2285_HG106_HG2252_PATCH"
"39415598",">NW_021160020.1 Homo sapiens chromosome 17 genomic patch of type FIX, GRCh38.p13 PATCHES HG2087_PATCH"
"39417323",">NW_016107299.1 Homo sapiens chromosome 17 genomic patch of type FIX, GRCh38.p13 PATCHES HG2046_PATCH"
"39419259",">NW_017363819.1 Homo sapiens chromosome 17 genomic patch of type NOVEL, GRCh38.p13 PATCHES HSCHR17_3_CTG1"
"39422714",">NW_017363818.1 Homo sapiens chromosome 17 genomic patch of type NOVEL, GRCh38.p13 PATCHES HSCHR17_11_CTG4"
"39425802",">NW_019805501.1 Homo sapiens chromosome 17 genomic patch of type NOVEL, GRCh38.p13 PATCHES HSCHR17_12_CTG4"
"39427263",">NW_021160021.1 Homo sapiens chromosome 17 genomic patch of type FIX, GRCh38.p13 PATCHES HG1320_PATCH"
"39427973",">NW_019805503.1 Homo sapiens chromosome 18 genomic patch of type NOVEL, GRCh38.p13 PATCHES HSCHR18_1_CTG1"
"39430014",">NW_014040928.1 Homo sapiens chromosome 18 genomic patch of type NOVEL, GRCh38.p13 PATCHES HSCHR18_5_CTG1_1"
"39432579",">NW_019805502.1 Homo sapiens chromosome 18 genomic patch of type FIX, GRCh38.p13 PATCHES HG2412_PATCH"
"39435466",">NW_013171814.1 Homo sapiens chromosome 18 genomic patch of type FIX, GRCh38.p13 PATCHES HG2213_PATCH"
"39440560",">NW_018654724.1 Homo sapiens chromosome 18 genomic patch of type FIX, GRCh38.p13 PATCHES HG2442_PATCH"
"39441725",">NW_021160022.1 Homo sapiens chromosome 19 genomic patch of type FIX, GRCh38.p13 PATCHES HG109_PATCH"
"39447891",">NW_014040929.1 Homo sapiens chromosome 19 genomic patch of type FIX, GRCh38.p13 PATCHES HG26_PATCH"
"39452960",">NW_009646206.1 Homo sapiens chromosome 19 genomic patch of type FIX, GRCh38.p13 PATCHES HG2021_PATCH"
"39457598",">NW_016107300.1 Homo sapiens chromosome 19 genomic patch of type NOVEL, GRCh38.p13 PATCHES HSCHR19KIR_0019-4656-A_CTG3_1"
"39459649",">NW_016107301.1 Homo sapiens chromosome 19 genomic patch of type NOVEL, GRCh38.p13 PATCHES HSCHR19KIR_CA01-TA01_1_CTG3_1"
"39461778",">NW_016107302.1 Homo sapiens chromosome 19 genomic patch of type NOVEL, GRCh38.p13 PATCHES HSCHR19KIR_CA01-TA01_2_CTG3_1"
"39463881",">NW_016107303.1 Homo sapiens chromosome 19 genomic patch of type NOVEL, GRCh38.p13 PATCHES HSCHR19KIR_CA01-TB04_CTG3_1"
"39467552",">NW_016107304.1 Homo sapiens chromosome 19 genomic patch of type NOVEL, GRCh38.p13 PATCHES HSCHR19KIR_CA01-TB01_CTG3_1"
"39470567",">NW_016107305.1 Homo sapiens chromosome 19 genomic patch of type NOVEL, GRCh38.p13 PATCHES HSCHR19KIR_HG2394_CTG3_1"
"39472560",">NW_016107306.1 Homo sapiens chromosome 19 genomic patch of type NOVEL, GRCh38.p13 PATCHES HSCHR19KIR_502960008-2_CTG3_1"
"39474789",">NW_016107307.1 Homo sapiens chromosome 19 genomic patch of type NOVEL, GRCh38.p13 PATCHES HSCHR19KIR_502960008-1_CTG3_1"
"39476874",">NW_016107308.1 Homo sapiens chromosome 19 genomic patch of type NOVEL, GRCh38.p13 PATCHES HSCHR19KIR_0010-5217-AB_CTG3_1"
"39478124",">NW_016107309.1 Homo sapiens chromosome 19 genomic patch of type NOVEL, GRCh38.p13 PATCHES HSCHR19KIR_7191059-1_CTG3_1"
"39480139",">NW_016107310.1 Homo sapiens chromosome 19 genomic patch of type NOVEL, GRCh38.p13 PATCHES HSCHR19KIR_0019-4656-B_CTG3_1"
"39482929",">NW_016107311.1 Homo sapiens chromosome 19 genomic patch of type NOVEL, GRCh38.p13 PATCHES HSCHR19KIR_CA04_CTG3_1"
"39484187",">NW_016107313.1 Homo sapiens chromosome 19 genomic patch of type NOVEL, GRCh38.p13 PATCHES HSCHR19KIR_7191059-2_CTG3_1"
"39486329",">NW_016107314.1 Homo sapiens chromosome 19 genomic patch of type NOVEL, GRCh38.p13 PATCHES HSCHR19KIR_HG2396_CTG3_1"
"39488152",">NW_016107312.1 Homo sapiens chromosome 19 genomic patch of type NOVEL, GRCh38.p13 PATCHES HSCHR19KIR_HG2393_CTG3_1"
"39490116",">NW_021160023.1 Homo sapiens chromosome 21 genomic patch of type FIX, GRCh38.p13 PATCHES HG2513_PATCH"
"39496611",">NW_021160026.1 Homo sapiens chromosome 22 genomic patch of type FIX, GRCh38.p13 PATCHES HG2512_PATCH"
"39501767",">NW_021160024.1 Homo sapiens chromosome 22 genomic patch of type FIX, GRCh38.p13 PATCHES HG1485_PATCH"
"39507535",">NW_009646207.1 Homo sapiens chromosome 22 genomic patch of type NOVEL, GRCh38.p13 PATCHES HSCHR22_4_CTG1"
"39509494",">NW_014040930.1 Homo sapiens chromosome 22 genomic patch of type NOVEL, GRCh38.p13 PATCHES HSCHR22_6_CTG1"
"39511445",">NW_014040931.1 Homo sapiens chromosome 22 genomic patch of type NOVEL, GRCh38.p13 PATCHES HSCHR22_7_CTG1"
"39513631",">NW_009646208.1 Homo sapiens chromosome 22 genomic patch of type NOVEL, GRCh38.p13 PATCHES HSCHR22_5_CTG1"
"39515545",">NW_015148968.1 Homo sapiens chromosome 22 genomic patch of type NOVEL, GRCh38.p13 PATCHES HSCHR22_8_CTG1"
"39517361",">NW_021160025.1 Homo sapiens chromosome 22 genomic patch of type FIX, GRCh38.p13 PATCHES HG494_PATCH"
"39517516",">NW_015148969.1 Homo sapiens chromosome 22 genomic patch of type FIX, GRCh38.p13 PATCHES HG1311_PATCH"
"39518780",">NW_017363820.1 Homo sapiens chromosome X genomic patch of type NOVEL, GRCh38.p13 PATCHES HSCHRX_3_CTG7"
"39521132",">NW_021160031.1 Homo sapiens chromosome X genomic patch of type FIX, GRCh38.p13 PATCHES HG1466_PATCH"
"39521351",">NW_021160028.1 Homo sapiens chromosome X genomic patch of type FIX, GRCh38.p13 PATCHES HG1506_PATCH"
"39521713",">NW_021160029.1 Homo sapiens chromosome X genomic patch of type FIX, GRCh38.p13 PATCHES HG1507_PATCH"
"39522567",">NW_021160027.1 Homo sapiens chromosome X genomic patch of type FIX, GRCh38.p13 PATCHES HG439_PATCH"
"39527608",">NW_021160030.1 Homo sapiens chromosome X genomic patch of type FIX, GRCh38.p13 PATCHES HG1509_PATCH"
"39527793",">NW_018654725.1 Homo sapiens chromosome Y genomic patch of type FIX, GRCh38.p13 PATCHES HG1531_PATCH"
"39528399",">NW_018654726.1 Homo sapiens chromosome Y genomic patch of type FIX, GRCh38.p13 PATCHES HG1535_PATCH"
"39531022",">NW_009646209.1 Homo sapiens chromosome Y genomic patch of type FIX, GRCh38.p13 PATCHES HG2062_PATCH"
"39532288",">NT_187515.1 Homo sapiens chromosome 1 genomic scaffold, GRCh38.p13 alternate locus group ALT_REF_LOCI_1 HSCHR1_1_CTG3"
"39536720",">NT_187517.1 Homo sapiens chromosome 1 genomic scaffold, GRCh38.p13 alternate locus group ALT_REF_LOCI_1 HSCHR1_2_CTG3"
"39539925",">NT_187514.1 Homo sapiens chromosome 1 genomic scaffold, GRCh38.p13 alternate locus group ALT_REF_LOCI_1 HSCHR1_1_CTG11"
"39541296",">NT_187520.1 Homo sapiens chromosome 1 genomic scaffold, GRCh38.p13 alternate locus group ALT_REF_LOCI_1 HSCHR1_4_CTG31"
"39543614",">NW_003315905.1 Homo sapiens chromosome 1 genomic scaffold, GRCh38.p13 alternate locus group ALT_REF_LOCI_1 HSCHR1_1_CTG31"
"39545896",">NW_003315906.1 Homo sapiens chromosome 1 genomic scaffold, GRCh38.p13 alternate locus group ALT_REF_LOCI_1 HSCHR1_2_CTG31"
"39547276",">NW_003315907.2 Homo sapiens chromosome 1 genomic scaffold, GRCh38.p13 alternate locus group ALT_REF_LOCI_1 HSCHR1_3_CTG31"
"39551860",">NT_187521.1 Homo sapiens chromosome 1 genomic scaffold, GRCh38.p13 alternate locus group ALT_REF_LOCI_1 HSCHR1_4_CTG32_1"
"39552490",">NT_187519.1 Homo sapiens chromosome 1 genomic scaffold, GRCh38.p13 alternate locus group ALT_REF_LOCI_1 HSCHR1_3_CTG32_1"
"39563887",">NT_187516.1 Homo sapiens chromosome 1 genomic scaffold, GRCh38.p13 alternate locus group ALT_REF_LOCI_1 HSCHR1_1_CTG32_1"
"39569209",">NT_187518.1 Homo sapiens chromosome 1 genomic scaffold, GRCh38.p13 alternate locus group ALT_REF_LOCI_1 HSCHR1_2_CTG32_1"
"39571283",">NT_187525.1 Homo sapiens chromosome 2 genomic scaffold, GRCh38.p13 alternate locus group ALT_REF_LOCI_1 HSCHR2_2_CTG1"
"39572987",">NT_187526.1 Homo sapiens chromosome 2 genomic scaffold, GRCh38.p13 alternate locus group ALT_REF_LOCI_1 HSCHR2_3_CTG1"
"39573875",">NT_187529.1 Homo sapiens chromosome 2 genomic scaffold, GRCh38.p13 alternate locus group ALT_REF_LOCI_1 HSCHR2_4_CTG1"
"39576672",">NT_187522.1 Homo sapiens chromosome 2 genomic scaffold, GRCh38.p13 alternate locus group ALT_REF_LOCI_1 HSCHR2_1_CTG1"
"39578181",">NW_003315908.1 Homo sapiens chromosome 2 genomic scaffold, GRCh38.p13 alternate locus group ALT_REF_LOCI_1 HSCHR2_1_CTG5"
"39579975",">NT_187524.1 Homo sapiens chromosome 2 genomic scaffold, GRCh38.p13 alternate locus group ALT_REF_LOCI_1 HSCHR2_1_CTG7"
"39581640",">NT_187531.1 Homo sapiens chromosome 2 genomic scaffold, GRCh38.p13 alternate locus group ALT_REF_LOCI_1 HSCHR2_5_CTG7_2"
"39583367",">NT_187530.1 Homo sapiens chromosome 2 genomic scaffold, GRCh38.p13 alternate locus group ALT_REF_LOCI_1 HSCHR2_4_CTG7_2"
"39584748",">NT_187528.1 Homo sapiens chromosome 2 genomic scaffold, GRCh38.p13 alternate locus group ALT_REF_LOCI_1 HSCHR2_3_CTG7_2"
"39586126",">NW_003571033.2 Homo sapiens chromosome 2 genomic scaffold, GRCh38.p13 alternate locus group ALT_REF_LOCI_1 HSCHR2_2_CTG7_2"
"39587329",">NW_003315909.1 Homo sapiens chromosome 2 genomic scaffold, GRCh38.p13 alternate locus group ALT_REF_LOCI_1 HSCHR2_1_CTG7_2"
"39588878",">NT_187527.1 Homo sapiens chromosome 2 genomic scaffold, GRCh38.p13 alternate locus group ALT_REF_LOCI_1 HSCHR2_3_CTG15"
"39591057",">NT_187523.1 Homo sapiens chromosome 2 genomic scaffold, GRCh38.p13 alternate locus group ALT_REF_LOCI_1 HSCHR2_1_CTG15"
"39593078",">NW_003871060.2 Homo sapiens chromosome 3 genomic scaffold, GRCh38.p13 alternate locus group ALT_REF_LOCI_1 HSCHR3_1_CTG1"
"39595244",">NT_187535.1 Homo sapiens chromosome 3 genomic scaffold, GRCh38.p13 alternate locus group ALT_REF_LOCI_1 HSCHR3_3_CTG1"
"39596610",">NT_187537.1 Homo sapiens chromosome 3 genomic scaffold, GRCh38.p13 alternate locus group ALT_REF_LOCI_1 HSCHR3_4_CTG2_1"
"39599413",">NW_003315913.1 Homo sapiens chromosome 3 genomic scaffold, GRCh38.p13 alternate locus group ALT_REF_LOCI_1 HSCHR3_1_CTG2_1"
"39601673",">NT_187533.1 Homo sapiens chromosome 3 genomic scaffold, GRCh38.p13 alternate locus group ALT_REF_LOCI_1 HSCHR3_2_CTG2_1"
"39603845",">NT_187536.1 Homo sapiens chromosome 3 genomic scaffold, GRCh38.p13 alternate locus group ALT_REF_LOCI_1 HSCHR3_3_CTG2_1"
"39606950",">NT_187538.1 Homo sapiens chromosome 3 genomic scaffold, GRCh38.p13 alternate locus group ALT_REF_LOCI_1 HSCHR3_5_CTG2_1"
"39608364",">NT_187532.1 Homo sapiens chromosome 3 genomic scaffold, GRCh38.p13 alternate locus group ALT_REF_LOCI_1 HSCHR3_1_CTG3"
"39610932",">NT_187534.1 Homo sapiens chromosome 3 genomic scaffold, GRCh38.p13 alternate locus group ALT_REF_LOCI_1 HSCHR3_2_CTG3"
"39612964",">NT_187539.1 Homo sapiens chromosome 3 genomic scaffold, GRCh38.p13 alternate locus group ALT_REF_LOCI_1 HSCHR3_9_CTG3"
"39615271",">NT_187540.1 Homo sapiens chromosome 4 genomic scaffold, GRCh38.p13 alternate locus group ALT_REF_LOCI_1 HSCHR4_1_CTG4"
"39618026",">NW_003315915.1 Homo sapiens chromosome 4 genomic scaffold, GRCh38.p13 alternate locus group ALT_REF_LOCI_1 HSCHR4_1_CTG6"
"39622730",">NT_187541.1 Homo sapiens chromosome 4 genomic scaffold, GRCh38.p13 alternate locus group ALT_REF_LOCI_1 HSCHR4_1_CTG8_1"
"39624131",">NT_167250.2 Homo sapiens chromosome 4 genomic scaffold, GRCh38.p13 alternate locus group ALT_REF_LOCI_1 HSCHR4_1_CTG9"
"39631463",">NT_187544.1 Homo sapiens chromosome 4 genomic scaffold, GRCh38.p13 alternate locus group ALT_REF_LOCI_1 HSCHR4_4_CTG12"
"39633452",">NW_003315914.1 Homo sapiens chromosome 4 genomic scaffold, GRCh38.p13 alternate locus group ALT_REF_LOCI_1 HSCHR4_1_CTG12"
"39635510",">NT_187542.1 Homo sapiens chromosome 4 genomic scaffold, GRCh38.p13 alternate locus group ALT_REF_LOCI_1 HSCHR4_2_CTG12"
"39637010",">NT_187545.1 Homo sapiens chromosome 4 genomic scaffold, GRCh38.p13 alternate locus group ALT_REF_LOCI_1 HSCHR4_5_CTG12"
"39639586",">NT_187543.1 Homo sapiens chromosome 4 genomic scaffold, GRCh38.p13 alternate locus group ALT_REF_LOCI_1 HSCHR4_3_CTG12"
"39642639",">NT_187550.1 Homo sapiens chromosome 5 genomic scaffold, GRCh38.p13 alternate locus group ALT_REF_LOCI_1 HSCHR5_5_CTG1"
"39644217",">NT_187548.1 Homo sapiens chromosome 5 genomic scaffold, GRCh38.p13 alternate locus group ALT_REF_LOCI_1 HSCHR5_4_CTG1"
"39646457",">NT_187547.1 Homo sapiens chromosome 5 genomic scaffold, GRCh38.p13 alternate locus group ALT_REF_LOCI_1 HSCHR5_3_CTG1"
"39648905",">NW_003315920.1 Homo sapiens chromosome 5 genomic scaffold, GRCh38.p13 alternate locus group ALT_REF_LOCI_1 HSCHR5_1_CTG1"
"39649941",">NW_003571036.1 Homo sapiens chromosome 5 genomic scaffold, GRCh38.p13 alternate locus group ALT_REF_LOCI_1 HSCHR5_2_CTG1"
"39652778",">NT_187551.1 Homo sapiens chromosome 5 genomic scaffold, GRCh38.p13 alternate locus group ALT_REF_LOCI_1 HSCHR5_6_CTG1"
"39654836",">NW_003315917.2 Homo sapiens chromosome 5 genomic scaffold, GRCh38.p13 alternate locus group ALT_REF_LOCI_1 HSCHR5_2_CTG1_1"
"39674999",">NW_003315918.1 Homo sapiens chromosome 5 genomic scaffold, GRCh38.p13 alternate locus group ALT_REF_LOCI_1 HSCHR5_3_CTG1_1"
"39676266",">NT_187549.1 Homo sapiens chromosome 5 genomic scaffold, GRCh38.p13 alternate locus group ALT_REF_LOCI_1 HSCHR5_4_CTG1_1"
"39678426",">NW_003315919.1 Homo sapiens chromosome 5 genomic scaffold, GRCh38.p13 alternate locus group ALT_REF_LOCI_1 HSCHR5_1_CTG5"
"39680596",">NT_187546.1 Homo sapiens chromosome 5 genomic scaffold, GRCh38.p13 alternate locus group ALT_REF_LOCI_1 HSCHR5_2_CTG5"
"39682246",">NT_167244.2 Homo sapiens chromosome 6 genomic scaffold, GRCh38.p13 alternate locus group ALT_REF_LOCI_1 HSCHR6_MHC_APD_CTG1"
"39740652",">NT_187555.1 Homo sapiens chromosome 6 genomic scaffold, GRCh38.p13 alternate locus group ALT_REF_LOCI_1 HSCHR6_1_CTG7"
"39742851",">NT_187554.1 Homo sapiens chromosome 6 genomic scaffold, GRCh38.p13 alternate locus group ALT_REF_LOCI_1 HSCHR6_1_CTG6"
"39744754",">NW_003315921.1 Homo sapiens chromosome 6 genomic scaffold, GRCh38.p13 alternate locus group ALT_REF_LOCI_1 HSCHR6_1_CTG2"
"39746315",">NT_187556.1 Homo sapiens chromosome 6 genomic scaffold, GRCh38.p13 alternate locus group ALT_REF_LOCI_1 HSCHR6_1_CTG8"
"39757197",">NT_187557.1 Homo sapiens chromosome 6 genomic scaffold, GRCh38.p13 alternate locus group ALT_REF_LOCI_1 HSCHR6_1_CTG9"
"39758136",">NW_004166862.2 Homo sapiens chromosome 6 genomic scaffold, GRCh38.p13 alternate locus group ALT_REF_LOCI_1 HSCHR6_1_CTG3"
"39760460",">NT_187552.1 Homo sapiens chromosome 6 genomic scaffold, GRCh38.p13 alternate locus group ALT_REF_LOCI_1 HSCHR6_1_CTG4"
"39762931",">NT_187553.1 Homo sapiens chromosome 6 genomic scaffold, GRCh38.p13 alternate locus group ALT_REF_LOCI_1 HSCHR6_1_CTG5"
"39766330",">NT_187558.1 Homo sapiens chromosome 7 genomic scaffold, GRCh38.p13 alternate locus group ALT_REF_LOCI_1 HSCHR7_1_CTG1"
"39768306",">NT_187561.1 Homo sapiens chromosome 7 genomic scaffold, GRCh38.p13 alternate locus group ALT_REF_LOCI_1 HSCHR7_2_CTG4_4"
"39770927",">NT_187559.1 Homo sapiens chromosome 7 genomic scaffold, GRCh38.p13 alternate locus group ALT_REF_LOCI_1 HSCHR7_1_CTG4_4"
"39772906",">NW_003315922.2 Homo sapiens chromosome 7 genomic scaffold, GRCh38.p13 alternate locus group ALT_REF_LOCI_1 HSCHR7_1_CTG6"
"39774397",">NT_187562.1 Homo sapiens chromosome 7 genomic scaffold, GRCh38.p13 alternate locus group ALT_REF_LOCI_1 HSCHR7_2_CTG6"
"39788293",">NT_187564.1 Homo sapiens chromosome 7 genomic scaffold, GRCh38.p13 alternate locus group ALT_REF_LOCI_1 HSCHR7_3_CTG6"
"39791688",">NT_187563.1 Homo sapiens chromosome 7 genomic scaffold, GRCh38.p13 alternate locus group ALT_REF_LOCI_1 HSCHR7_2_CTG7"
"39793270",">NT_187560.1 Homo sapiens chromosome 7 genomic scaffold, GRCh38.p13 alternate locus group ALT_REF_LOCI_1 HSCHR7_1_CTG7"
"39795896",">NT_187572.1 Homo sapiens chromosome 8 genomic scaffold, GRCh38.p13 alternate locus group ALT_REF_LOCI_1 HSCHR8_4_CTG1"
"39797718",">NT_187568.1 Homo sapiens chromosome 8 genomic scaffold, GRCh38.p13 alternate locus group ALT_REF_LOCI_1 HSCHR8_2_CTG1"
"39801254",">NT_187565.1 Homo sapiens chromosome 8 genomic scaffold, GRCh38.p13 alternate locus group ALT_REF_LOCI_1 HSCHR8_1_CTG1"
"39804911",">NT_187576.1 Homo sapiens chromosome 8 genomic scaffold, GRCh38.p13 alternate locus group ALT_REF_LOCI_1 HSCHR8_8_CTG1"
"39817231",">NT_187570.1 Homo sapiens chromosome 8 genomic scaffold, GRCh38.p13 alternate locus group ALT_REF_LOCI_1 HSCHR8_3_CTG1"
"39820985",">NT_187577.1 Homo sapiens chromosome 8 genomic scaffold, GRCh38.p13 alternate locus group ALT_REF_LOCI_1 HSCHR8_9_CTG1"
"39828793",">NT_187566.1 Homo sapiens chromosome 8 genomic scaffold, GRCh38.p13 alternate locus group ALT_REF_LOCI_1 HSCHR8_1_CTG6"
"39830567",">NT_187567.1 Homo sapiens chromosome 8 genomic scaffold, GRCh38.p13 alternate locus group ALT_REF_LOCI_1 HSCHR8_1_CTG7"
"39835249",">NT_187574.1 Homo sapiens chromosome 8 genomic scaffold, GRCh38.p13 alternate locus group ALT_REF_LOCI_1 HSCHR8_5_CTG7"
"39836920",">NT_187575.1 Homo sapiens chromosome 8 genomic scaffold, GRCh38.p13 alternate locus group ALT_REF_LOCI_1 HSCHR8_6_CTG7"
"39837379",">NT_187573.1 Homo sapiens chromosome 8 genomic scaffold, GRCh38.p13 alternate locus group ALT_REF_LOCI_1 HSCHR8_4_CTG7"
"39839368",">NT_187571.1 Homo sapiens chromosome 8 genomic scaffold, GRCh38.p13 alternate locus group ALT_REF_LOCI_1 HSCHR8_3_CTG7"
"39843193",">NT_187569.1 Homo sapiens chromosome 8 genomic scaffold, GRCh38.p13 alternate locus group ALT_REF_LOCI_1 HSCHR8_2_CTG7"
"39844848",">NW_003315928.1 Homo sapiens chromosome 9 genomic scaffold, GRCh38.p13 alternate locus group ALT_REF_LOCI_1 HSCHR9_1_CTG1"
"39846887",">NW_003315929.1 Homo sapiens chromosome 9 genomic scaffold, GRCh38.p13 alternate locus group ALT_REF_LOCI_1 HSCHR9_1_CTG2"
"39847783",">NW_003315930.1 Homo sapiens chromosome 9 genomic scaffold, GRCh38.p13 alternate locus group ALT_REF_LOCI_1 HSCHR9_1_CTG3"
"39849926",">NW_003315931.1 Homo sapiens chromosome 9 genomic scaffold, GRCh38.p13 alternate locus group ALT_REF_LOCI_1 HSCHR9_1_CTG4"
"39850678",">NT_187578.1 Homo sapiens chromosome 9 genomic scaffold, GRCh38.p13 alternate locus group ALT_REF_LOCI_1 HSCHR9_1_CTG5"
"39856168",">NW_003315934.1 Homo sapiens chromosome 10 genomic scaffold, GRCh38.p13 alternate locus group ALT_REF_LOCI_1 HSCHR10_1_CTG1"
"39858410",">NT_187579.1 Homo sapiens chromosome 10 genomic scaffold, GRCh38.p13 alternate locus group ALT_REF_LOCI_1 HSCHR10_1_CTG3"
"39860680",">NW_003315935.1 Homo sapiens chromosome 10 genomic scaffold, GRCh38.p13 alternate locus group ALT_REF_LOCI_1 HSCHR10_1_CTG2"
"39864554",">NT_187580.1 Homo sapiens chromosome 10 genomic scaffold, GRCh38.p13 alternate locus group ALT_REF_LOCI_1 HSCHR10_1_CTG4"
"39866909",">NT_187586.1 Homo sapiens chromosome 11 genomic scaffold, GRCh38.p13 alternate locus group ALT_REF_LOCI_1 HSCHR11_1_CTG8"
"39869537",">NT_187584.1 Homo sapiens chromosome 11 genomic scaffold, GRCh38.p13 alternate locus group ALT_REF_LOCI_1 HSCHR11_1_CTG6"
"39871752",">NT_187585.1 Homo sapiens chromosome 11 genomic scaffold, GRCh38.p13 alternate locus group ALT_REF_LOCI_1 HSCHR11_1_CTG7"
"39875465",">NT_187583.1 Homo sapiens chromosome 11 genomic scaffold, GRCh38.p13 alternate locus group ALT_REF_LOCI_1 HSCHR11_1_CTG5"
"39878017",">NW_003315936.1 Homo sapiens chromosome 11 genomic scaffold, GRCh38.p13 alternate locus group ALT_REF_LOCI_1 HSCHR11_1_CTG1_1"
"39879949",">NW_003871073.1 Homo sapiens chromosome 11 genomic scaffold, GRCh38.p13 alternate locus group ALT_REF_LOCI_1 HG142_HG150_NOVEL_TEST"
"39882463",">NW_003871074.1 Homo sapiens chromosome 11 genomic scaffold, GRCh38.p13 alternate locus group ALT_REF_LOCI_1 HG151_NOVEL_TEST"
"39884857",">NT_187582.1 Homo sapiens chromosome 11 genomic scaffold, GRCh38.p13 alternate locus group ALT_REF_LOCI_1 HSCHR11_1_CTG3"
"39885705",">NT_187581.1 Homo sapiens chromosome 11 genomic scaffold, GRCh38.p13 alternate locus group ALT_REF_LOCI_1 HSCHR11_1_CTG2"
"39888034",">NW_003571049.1 Homo sapiens chromosome 12 genomic scaffold, GRCh38.p13 alternate locus group ALT_REF_LOCI_1 HSCHR12_1_CTG1"
"39890127",">NW_003571050.1 Homo sapiens chromosome 12 genomic scaffold, GRCh38.p13 alternate locus group ALT_REF_LOCI_1 HSCHR12_2_CTG2"
"39895232",">NT_187588.1 Homo sapiens chromosome 12 genomic scaffold, GRCh38.p13 alternate locus group ALT_REF_LOCI_1 HSCHR12_5_CTG2"
"39895735",">NW_003315938.1 Homo sapiens chromosome 12 genomic scaffold, GRCh38.p13 alternate locus group ALT_REF_LOCI_1 HSCHR12_1_CTG2"
"39897247",">NT_187587.1 Homo sapiens chromosome 12 genomic scaffold, GRCh38.p13 alternate locus group ALT_REF_LOCI_1 HSCHR12_4_CTG2"
"39900225",">NW_003315939.2 Homo sapiens chromosome 12 genomic scaffold, GRCh38.p13 alternate locus group ALT_REF_LOCI_1 HSCHR12_1_CTG2_1"
"39902341",">NW_003315941.1 Homo sapiens chromosome 12 genomic scaffold, GRCh38.p13 alternate locus group ALT_REF_LOCI_1 HSCHR12_2_CTG2_1"
"39904076",">NW_003315942.2 Homo sapiens chromosome 12 genomic scaffold, GRCh38.p13 alternate locus group ALT_REF_LOCI_1 HSCHR12_3_CTG2_1"
"39905988",">NT_187590.1 Homo sapiens chromosome 12 genomic scaffold, GRCh38.p13 alternate locus group ALT_REF_LOCI_1 HSCHR12_6_CTG2_1"
"39907483",">NW_003315940.1 Homo sapiens chromosome 12 genomic scaffold, GRCh38.p13 alternate locus group ALT_REF_LOCI_1 HSCHR12_4_CTG2_1"
"39909788",">NT_187589.1 Homo sapiens chromosome 12 genomic scaffold, GRCh38.p13 alternate locus group ALT_REF_LOCI_1 HSCHR12_5_CTG2_1"
"39910740",">NT_187591.1 Homo sapiens chromosome 12 genomic scaffold, GRCh38.p13 alternate locus group ALT_REF_LOCI_1 HSCHR12_7_CTG2_1"
"39911443",">NT_187594.1 Homo sapiens chromosome 13 genomic scaffold, GRCh38.p13 alternate locus group ALT_REF_LOCI_1 HSCHR13_1_CTG3"
"39913841",">NT_187593.1 Homo sapiens chromosome 13 genomic scaffold, GRCh38.p13 alternate locus group ALT_REF_LOCI_1 HSCHR13_1_CTG2"
"39916096",">NT_187597.1 Homo sapiens chromosome 13 genomic scaffold, GRCh38.p13 alternate locus group ALT_REF_LOCI_1 HSCHR13_1_CTG6"
"39917395",">NT_187595.1 Homo sapiens chromosome 13 genomic scaffold, GRCh38.p13 alternate locus group ALT_REF_LOCI_1 HSCHR13_1_CTG4"
"39919511",">NT_187592.1 Homo sapiens chromosome 13 genomic scaffold, GRCh38.p13 alternate locus group ALT_REF_LOCI_1 HSCHR13_1_CTG1"
"39923349",">NT_187596.1 Homo sapiens chromosome 13 genomic scaffold, GRCh38.p13 alternate locus group ALT_REF_LOCI_1 HSCHR13_1_CTG5"
"39923817",">NT_187598.1 Homo sapiens chromosome 14 genomic scaffold, GRCh38.p13 alternate locus group ALT_REF_LOCI_1 HSCHR14_1_CTG1"
"39927846",">NT_187601.1 Homo sapiens chromosome 14 genomic scaffold, GRCh38.p13 alternate locus group ALT_REF_LOCI_1 HSCHR14_7_CTG1"
"39946736",">NT_187599.1 Homo sapiens chromosome 14 genomic scaffold, GRCh38.p13 alternate locus group ALT_REF_LOCI_1 HSCHR14_2_CTG1"
"39948996",">NT_187600.1 Homo sapiens chromosome 14 genomic scaffold, GRCh38.p13 alternate locus group ALT_REF_LOCI_1 HSCHR14_3_CTG1"
"39965890",">NT_187602.1 Homo sapiens chromosome 15 genomic scaffold, GRCh38.p13 alternate locus group ALT_REF_LOCI_1 HSCHR15_1_CTG1"
"39971879",">NT_187604.1 Homo sapiens chromosome 15 genomic scaffold, GRCh38.p13 alternate locus group ALT_REF_LOCI_1 HSCHR15_3_CTG3"
"39975169",">NT_187603.1 Homo sapiens chromosome 15 genomic scaffold, GRCh38.p13 alternate locus group ALT_REF_LOCI_1 HSCHR15_1_CTG3"
"39979263",">NW_003315943.1 Homo sapiens chromosome 15 genomic scaffold, GRCh38.p13 alternate locus group ALT_REF_LOCI_1 HSCHR15_1_CTG8"
"39982971",">NT_187605.1 Homo sapiens chromosome 15 genomic scaffold, GRCh38.p13 alternate locus group ALT_REF_LOCI_1 HSCHR15_3_CTG8"
"39986034",">NW_003315944.2 Homo sapiens chromosome 15 genomic scaffold, GRCh38.p13 alternate locus group ALT_REF_LOCI_1 HSCHR15_2_CTG8"
"39990895",">NT_187606.1 Homo sapiens chromosome 15 genomic scaffold, GRCh38.p13 alternate locus group ALT_REF_LOCI_1 HSCHR15_5_CTG8"
"39996282",">NT_187610.1 Homo sapiens chromosome 16 genomic scaffold, GRCh38.p13 alternate locus group ALT_REF_LOCI_1 HSCHR16_CTG2"
"39997961",">NT_187609.1 Homo sapiens chromosome 16 genomic scaffold, GRCh38.p13 alternate locus group ALT_REF_LOCI_1 HSCHR16_4_CTG1"
"39998762",">NT_187608.1 Homo sapiens chromosome 16 genomic scaffold, GRCh38.p13 alternate locus group ALT_REF_LOCI_1 HSCHR16_3_CTG1"
"40001674",">NT_187607.1 Homo sapiens chromosome 16 genomic scaffold, GRCh38.p13 alternate locus group ALT_REF_LOCI_1 HSCHR16_1_CTG1"
"40034922",">NW_003315945.1 Homo sapiens chromosome 16 genomic scaffold, GRCh38.p13 alternate locus group ALT_REF_LOCI_1 HSCHR16_1_CTG3_1"
"40037329",">NW_003315946.1 Homo sapiens chromosome 16 genomic scaffold, GRCh38.p13 alternate locus group ALT_REF_LOCI_1 HSCHR16_2_CTG3_1"
"40038451",">NW_003315952.3 Homo sapiens chromosome 17 genomic scaffold, GRCh38.p13 alternate locus group ALT_REF_LOCI_1 HSCHR17_1_CTG1"
"40043149",">NT_187613.1 Homo sapiens chromosome 17 genomic scaffold, GRCh38.p13 alternate locus group ALT_REF_LOCI_1 HSCHR17_2_CTG2"
"40048042",">NT_187611.1 Homo sapiens chromosome 17 genomic scaffold, GRCh38.p13 alternate locus group ALT_REF_LOCI_1 HSCHR17_1_CTG2"
"40050502",">NT_187614.1 Homo sapiens chromosome 17 genomic scaffold, GRCh38.p13 alternate locus group ALT_REF_LOCI_1 HSCHR17_7_CTG4"
"40086467",">NW_003871091.1 Homo sapiens chromosome 17 genomic scaffold, GRCh38.p13 alternate locus group ALT_REF_LOCI_1 HSCHR17_4_CTG4"
"40089945",">NW_003871092.1 Homo sapiens chromosome 17 genomic scaffold, GRCh38.p13 alternate locus group ALT_REF_LOCI_1 HSCHR17_5_CTG4"
"40090826",">NW_003315953.2 Homo sapiens chromosome 17 genomic scaffold, GRCh38.p13 alternate locus group ALT_REF_LOCI_1 HSCHR17_1_CTG4"
"40092492",">NT_167251.2 Homo sapiens chromosome 17 genomic scaffold, GRCh38.p13 alternate locus group ALT_REF_LOCI_1 HSCHR17_1_CTG5"
"40115268",">NW_003315954.1 Homo sapiens chromosome 17 genomic scaffold, GRCh38.p13 alternate locus group ALT_REF_LOCI_1 HSCHR17_2_CTG4"
"40118069",">NT_187615.1 Homo sapiens chromosome 17 genomic scaffold, GRCh38.p13 alternate locus group ALT_REF_LOCI_1 HSCHR17_8_CTG4"
"40121018",">NT_187616.1 Homo sapiens chromosome 17 genomic scaffold, GRCh38.p13 alternate locus group ALT_REF_LOCI_1 HSCHR17_9_CTG4"
"40122379",">NW_003315955.1 Homo sapiens chromosome 17 genomic scaffold, GRCh38.p13 alternate locus group ALT_REF_LOCI_1 HSCHR17_3_CTG4"
"40123508",">NT_187612.1 Homo sapiens chromosome 17 genomic scaffold, GRCh38.p13 alternate locus group ALT_REF_LOCI_1 HSCHR17_1_CTG9"
"40125746",">NT_187618.1 Homo sapiens chromosome 18 genomic scaffold, GRCh38.p13 alternate locus group ALT_REF_LOCI_1 HSCHR18_4_CTG1_1"
"40127144",">NW_003315956.1 Homo sapiens chromosome 18 genomic scaffold, GRCh38.p13 alternate locus group ALT_REF_LOCI_1 HSCHR18_1_CTG1_1"
"40130768",">NW_003315959.1 Homo sapiens chromosome 18 genomic scaffold, GRCh38.p13 alternate locus group ALT_REF_LOCI_1 HSCHR18_2_CTG1_1"
"40132829",">NW_003315960.1 Homo sapiens chromosome 18 genomic scaffold, GRCh38.p13 alternate locus group ALT_REF_LOCI_1 HSCHR18_2_CTG2"
"40135309",">NW_003315957.1 Homo sapiens chromosome 18 genomic scaffold, GRCh38.p13 alternate locus group ALT_REF_LOCI_1 HSCHR18_1_CTG2"
"40136617",">NW_003315958.1 Homo sapiens chromosome 18 genomic scaffold, GRCh38.p13 alternate locus group ALT_REF_LOCI_1 HSCHR18_1_CTG2_1"
"40138718",">NW_003315961.1 Homo sapiens chromosome 18 genomic scaffold, GRCh38.p13 alternate locus group ALT_REF_LOCI_1 HSCHR18_2_CTG2_1"
"40140714",">NT_187617.1 Homo sapiens chromosome 18 genomic scaffold, GRCh38.p13 alternate locus group ALT_REF_LOCI_1 HSCHR18_3_CTG2_1"
"40142815",">NT_187622.1 Homo sapiens chromosome 19 genomic scaffold, GRCh38.p13 alternate locus group ALT_REF_LOCI_1 HSCHR19_5_CTG2"
"40143588",">NT_187621.1 Homo sapiens chromosome 19 genomic scaffold, GRCh38.p13 alternate locus group ALT_REF_LOCI_1 HSCHR19_4_CTG2"
"40144252",">NW_003315962.1 Homo sapiens chromosome 19 genomic scaffold, GRCh38.p13 alternate locus group ALT_REF_LOCI_1 HSCHR19_1_CTG2"
"40149074",">NW_003315964.2 Homo sapiens chromosome 19 genomic scaffold, GRCh38.p13 alternate locus group ALT_REF_LOCI_1 HSCHR19_2_CTG2"
"40151203",">NW_003315965.1 Homo sapiens chromosome 19 genomic scaffold, GRCh38.p13 alternate locus group ALT_REF_LOCI_1 HSCHR19_3_CTG2"
"40153555",">NW_003315963.1 Homo sapiens chromosome 19 genomic scaffold, GRCh38.p13 alternate locus group ALT_REF_LOCI_1 HSCHR19_1_CTG3_1"
"40155505",">NT_187619.1 Homo sapiens chromosome 19 genomic scaffold, GRCh38.p13 alternate locus group ALT_REF_LOCI_1 HSCHR19_2_CTG3_1"
"40156046",">NT_187620.1 Homo sapiens chromosome 19 genomic scaffold, GRCh38.p13 alternate locus group ALT_REF_LOCI_1 HSCHR19_3_CTG3_1"
"40158970",">NW_003571054.1 Homo sapiens chromosome 19 genomic scaffold, GRCh38.p13 alternate locus group ALT_REF_LOCI_1 HSCHR19LRC_COX1_CTG3_1"
"40171318",">NW_003315966.2 Homo sapiens chromosome 20 genomic scaffold, GRCh38.p13 alternate locus group ALT_REF_LOCI_1 HSCHR20_1_CTG1"
"40172924",">NT_187623.1 Homo sapiens chromosome 20 genomic scaffold, GRCh38.p13 alternate locus group ALT_REF_LOCI_1 HSCHR20_1_CTG2"
"40174410",">NT_187625.1 Homo sapiens chromosome 20 genomic scaffold, GRCh38.p13 alternate locus group ALT_REF_LOCI_1 HSCHR20_1_CTG4"
"40175145",">NT_187624.1 Homo sapiens chromosome 20 genomic scaffold, GRCh38.p13 alternate locus group ALT_REF_LOCI_1 HSCHR20_1_CTG3"
"40177439",">NW_003315967.2 Homo sapiens chromosome 21 genomic scaffold, GRCh38.p13 alternate locus group ALT_REF_LOCI_1 HSCHR21_1_CTG1_1"
"40178239",">NT_187628.1 Homo sapiens chromosome 21 genomic scaffold, GRCh38.p13 alternate locus group ALT_REF_LOCI_1 HSCHR21_8_CTG1_1"
"40180325",">NT_187627.1 Homo sapiens chromosome 21 genomic scaffold, GRCh38.p13 alternate locus group ALT_REF_LOCI_1 HSCHR21_6_CTG1_1"
"40182125",">NW_003315968.2 Homo sapiens chromosome 21 genomic scaffold, GRCh38.p13 alternate locus group ALT_REF_LOCI_1 HSCHR21_2_CTG1_1"
"40184641",">NW_003315969.2 Homo sapiens chromosome 21 genomic scaffold, GRCh38.p13 alternate locus group ALT_REF_LOCI_1 HSCHR21_3_CTG1_1"
"40185576",">NW_003315970.2 Homo sapiens chromosome 21 genomic scaffold, GRCh38.p13 alternate locus group ALT_REF_LOCI_1 HSCHR21_4_CTG1_1"
"40187036",">NT_187626.1 Homo sapiens chromosome 21 genomic scaffold, GRCh38.p13 alternate locus group ALT_REF_LOCI_1 HSCHR21_5_CTG2"
"40188071",">NT_187629.1 Homo sapiens chromosome 22 genomic scaffold, GRCh38.p13 alternate locus group ALT_REF_LOCI_1 HSCHR22_1_CTG3"
"40191321",">NT_187632.1 Homo sapiens chromosome 22 genomic scaffold, GRCh38.p13 alternate locus group ALT_REF_LOCI_1 HSCHR22_1_CTG6"
"40193651",">NT_187633.1 Homo sapiens chromosome 22 genomic scaffold, GRCh38.p13 alternate locus group ALT_REF_LOCI_1 HSCHR22_1_CTG7"
"40197454",">NT_187630.1 Homo sapiens chromosome 22 genomic scaffold, GRCh38.p13 alternate locus group ALT_REF_LOCI_1 HSCHR22_1_CTG4"
"40200751",">NT_187631.1 Homo sapiens chromosome 22 genomic scaffold, GRCh38.p13 alternate locus group ALT_REF_LOCI_1 HSCHR22_1_CTG5"
"40202019",">NW_003315972.2 Homo sapiens chromosome 22 genomic scaffold, GRCh38.p13 alternate locus group ALT_REF_LOCI_1 HSCHR22_1_CTG2"
"40203232",">NW_003315971.2 Homo sapiens chromosome 22 genomic scaffold, GRCh38.p13 alternate locus group ALT_REF_LOCI_1 HSCHR22_1_CTG1"
"40205269",">NT_187634.1 Homo sapiens chromosome X genomic scaffold, GRCh38.p13 alternate locus group ALT_REF_LOCI_1 HSCHRX_1_CTG3"
"40208831",">NT_187635.1 Homo sapiens chromosome X genomic scaffold, GRCh38.p13 alternate locus group ALT_REF_LOCI_1 HSCHRX_2_CTG12"
"40210635",">NT_187646.1 Homo sapiens chromosome 1 genomic scaffold, GRCh38.p13 alternate locus group ALT_REF_LOCI_2 HSCHR1_ALT2_1_CTG32_1"
"40212664",">NT_187648.1 Homo sapiens chromosome 2 genomic scaffold, GRCh38.p13 alternate locus group ALT_REF_LOCI_2 HSCHR2_2_CTG7"
"40215342",">NT_187647.1 Homo sapiens chromosome 2 genomic scaffold, GRCh38.p13 alternate locus group ALT_REF_LOCI_2 HSCHR2_2_CTG15"
"40217359",">NT_187649.1 Homo sapiens chromosome 3 genomic scaffold, GRCh38.p13 alternate locus group ALT_REF_LOCI_2 HSCHR3_3_CTG3"
"40219397",">NT_187650.1 Homo sapiens chromosome 4 genomic scaffold, GRCh38.p13 alternate locus group ALT_REF_LOCI_2 HSCHR4_6_CTG12"
"40224130",">NT_187651.1 Homo sapiens chromosome 5 genomic scaffold, GRCh38.p13 alternate locus group ALT_REF_LOCI_2 HSCHR5_1_CTG1_1"
"40238437",">NT_187652.1 Homo sapiens chromosome 5 genomic scaffold, GRCh38.p13 alternate locus group ALT_REF_LOCI_2 HSCHR5_3_CTG5"
"40240075",">NT_113891.3 Homo sapiens chromosome 6 genomic scaffold, GRCh38.p13 alternate locus group ALT_REF_LOCI_2 HSCHR6_MHC_COX_CTG1"
"40300017",">NT_187653.1 Homo sapiens chromosome 7 genomic scaffold, GRCh38.p13 alternate locus group ALT_REF_LOCI_2 HSCHR7_2_CTG1"
"40302404",">NT_187655.1 Homo sapiens chromosome 8 genomic scaffold, GRCh38.p13 alternate locus group ALT_REF_LOCI_2 HSCHR8_6_CTG1"
"40304117",">NT_187654.1 Homo sapiens chromosome 8 genomic scaffold, GRCh38.p13 alternate locus group ALT_REF_LOCI_2 HSCHR8_5_CTG1"
"40308102",">NT_187656.1 Homo sapiens chromosome 11 genomic scaffold, GRCh38.p13 alternate locus group ALT_REF_LOCI_2 HSCHR11_2_CTG1"
"40309437",">NT_187657.1 Homo sapiens chromosome 11 genomic scaffold, GRCh38.p13 alternate locus group ALT_REF_LOCI_2 HSCHR11_2_CTG1_1"
"40312121",">NT_187658.1 Homo sapiens chromosome 12 genomic scaffold, GRCh38.p13 alternate locus group ALT_REF_LOCI_2 HSCHR12_3_CTG2"
"40319277",">NT_187659.1 Homo sapiens chromosome 15 genomic scaffold, GRCh38.p13 alternate locus group ALT_REF_LOCI_2 HSCHR15_2_CTG3"
"40321733",">NT_187660.1 Homo sapiens chromosome 15 genomic scaffold, GRCh38.p13 alternate locus group ALT_REF_LOCI_2 HSCHR15_4_CTG8"
"40386252",">NT_187662.1 Homo sapiens chromosome 17 genomic scaffold, GRCh38.p13 alternate locus group ALT_REF_LOCI_2 HSCHR17_2_CTG1"
"40387975",">NT_187664.1 Homo sapiens chromosome 17 genomic scaffold, GRCh38.p13 alternate locus group ALT_REF_LOCI_2 HSCHR17_3_CTG2"
"40389940",">NT_187661.1 Homo sapiens chromosome 17 genomic scaffold, GRCh38.p13 alternate locus group ALT_REF_LOCI_2 HSCHR17_10_CTG4"
"40394014",">NW_003871093.1 Homo sapiens chromosome 17 genomic scaffold, GRCh38.p13 alternate locus group ALT_REF_LOCI_2 HSCHR17_6_CTG4"
"40395116",">NT_187663.1 Homo sapiens chromosome 17 genomic scaffold, GRCh38.p13 alternate locus group ALT_REF_LOCI_2 HSCHR17_2_CTG5"
"40412907",">NT_187665.1 Homo sapiens chromosome 18 genomic scaffold, GRCh38.p13 alternate locus group ALT_REF_LOCI_2 HSCHR18_ALT21_CTG2_1"
"40415084",">NT_187666.1 Homo sapiens chromosome 18 genomic scaffold, GRCh38.p13 alternate locus group ALT_REF_LOCI_2 HSCHR18_ALT2_CTG2_1"
"40417057",">NW_003571055.2 Homo sapiens chromosome 19 genomic scaffold, GRCh38.p13 alternate locus group ALT_REF_LOCI_2 HSCHR19LRC_COX2_CTG3_1"
"40426177",">NW_004504305.1 Homo sapiens chromosome 22 genomic scaffold, GRCh38.p13 alternate locus group ALT_REF_LOCI_2 HSCHR22_2_CTG1"
"40427104",">NT_187667.1 Homo sapiens chromosome X genomic scaffold, GRCh38.p13 alternate locus group ALT_REF_LOCI_2 HSCHRX_2_CTG3"
"40430531",">NT_187678.1 Homo sapiens chromosome 3 genomic scaffold, GRCh38.p13 alternate locus group ALT_REF_LOCI_3 HSCHR3_4_CTG3"
"40432614",">NT_187679.1 Homo sapiens chromosome 4 genomic scaffold, GRCh38.p13 alternate locus group ALT_REF_LOCI_3 HSCHR4_7_CTG12"
"40439563",">NT_167245.2 Homo sapiens chromosome 6 genomic scaffold, GRCh38.p13 alternate locus group ALT_REF_LOCI_3 HSCHR6_MHC_DBB_CTG1"
"40497125",">NT_187680.1 Homo sapiens chromosome 8 genomic scaffold, GRCh38.p13 alternate locus group ALT_REF_LOCI_3 HSCHR8_7_CTG1"
"40499993",">NT_187681.1 Homo sapiens chromosome 11 genomic scaffold, GRCh38.p13 alternate locus group ALT_REF_LOCI_3 HSCHR11_3_CTG1"
"40502727",">NW_003571056.2 Homo sapiens chromosome 19 genomic scaffold, GRCh38.p13 alternate locus group ALT_REF_LOCI_3 HSCHR19LRC_LRC_I_CTG3_1"
"40516032",">NT_187682.1 Homo sapiens chromosome 22 genomic scaffold, GRCh38.p13 alternate locus group ALT_REF_LOCI_3 HSCHR22_3_CTG1"
"40518235",">NT_187688.1 Homo sapiens chromosome 3 genomic scaffold, GRCh38.p13 alternate locus group ALT_REF_LOCI_4 HSCHR3_5_CTG3"
"40520280",">NT_167246.2 Homo sapiens chromosome 6 genomic scaffold, GRCh38.p13 alternate locus group ALT_REF_LOCI_4 HSCHR6_MHC_MANN_CTG1"
"40578752",">NW_003571057.2 Homo sapiens chromosome 19 genomic scaffold, GRCh38.p13 alternate locus group ALT_REF_LOCI_4 HSCHR19LRC_LRC_J_CTG3_1"
"40592402",">NT_187689.1 Homo sapiens chromosome 3 genomic scaffold, GRCh38.p13 alternate locus group ALT_REF_LOCI_5 HSCHR3_6_CTG3"
"40594870",">NT_167247.2 Homo sapiens chromosome 6 genomic scaffold, GRCh38.p13 alternate locus group ALT_REF_LOCI_5 HSCHR6_MHC_MCF_CTG1"
"40655219",">NW_003571058.2 Homo sapiens chromosome 19 genomic scaffold, GRCh38.p13 alternate locus group ALT_REF_LOCI_5 HSCHR19LRC_LRC_S_CTG3_1"
"40668550",">NT_187690.1 Homo sapiens chromosome 3 genomic scaffold, GRCh38.p13 alternate locus group ALT_REF_LOCI_6 HSCHR3_7_CTG3"
"40670604",">NT_167248.2 Homo sapiens chromosome 6 genomic scaffold, GRCh38.p13 alternate locus group ALT_REF_LOCI_6 HSCHR6_MHC_QBL_CTG1"
"40728185",">NW_003571059.2 Homo sapiens chromosome 19 genomic scaffold, GRCh38.p13 alternate locus group ALT_REF_LOCI_6 HSCHR19LRC_LRC_T_CTG3_1"
"40740720",">NT_187691.1 Homo sapiens chromosome 3 genomic scaffold, GRCh38.p13 alternate locus group ALT_REF_LOCI_7 HSCHR3_8_CTG3"
"40742792",">NT_167249.2 Homo sapiens chromosome 6 genomic scaffold, GRCh38.p13 alternate locus group ALT_REF_LOCI_7 HSCHR6_MHC_SSTO_CTG1"
"40804409",">NW_003571060.1 Homo sapiens chromosome 19 genomic scaffold, GRCh38.p13 alternate locus group ALT_REF_LOCI_7 HSCHR19LRC_PGF1_CTG3_1"
"40816749",">NT_187692.1 Homo sapiens chromosome 6 genomic scaffold, GRCh38.p13 alternate locus group ALT_REF_LOCI_8 HSCHR6_8_CTG1"
"40817710",">NW_003571061.2 Homo sapiens chromosome 19 genomic scaffold, GRCh38.p13 alternate locus group ALT_REF_LOCI_8 HSCHR19LRC_PGF2_CTG3_1"
"40827667",">NT_187693.1 Homo sapiens chromosome 19 genomic scaffold, GRCh38.p13 alternate locus group ALT_REF_LOCI_9 HSCHR19_4_CTG3_1"
"40841003",">NT_187636.1 Homo sapiens chromosome 19 genomic scaffold, GRCh38.p13 alternate locus group ALT_REF_LOCI_10 HSCHR19KIR_FH15_B_HAP_CTG3_1"
"40844115",">NT_187637.1 Homo sapiens chromosome 19 genomic scaffold, GRCh38.p13 alternate locus group ALT_REF_LOCI_11 HSCHR19KIR_G085_A_HAP_CTG3_1"
"40846246",">NT_187638.1 Homo sapiens chromosome 19 genomic scaffold, GRCh38.p13 alternate locus group ALT_REF_LOCI_12 HSCHR19KIR_G085_BA1_HAP_CTG3_1"
"40848211",">NT_187639.1 Homo sapiens chromosome 19 genomic scaffold, GRCh38.p13 alternate locus group ALT_REF_LOCI_13 HSCHR19KIR_G248_A_HAP_CTG3_1"
"40850350",">NT_187640.1 Homo sapiens chromosome 19 genomic scaffold, GRCh38.p13 alternate locus group ALT_REF_LOCI_14 HSCHR19KIR_G248_BA2_HAP_CTG3_1"
"40852904",">NT_187641.1 Homo sapiens chromosome 19 genomic scaffold, GRCh38.p13 alternate locus group ALT_REF_LOCI_15 HSCHR19KIR_GRC212_AB_HAP_CTG3_1"
"40855524",">NT_187642.1 Homo sapiens chromosome 19 genomic scaffold, GRCh38.p13 alternate locus group ALT_REF_LOCI_16 HSCHR19KIR_GRC212_BA1_HAP_CTG3_1"
"40857470",">NT_187643.1 Homo sapiens chromosome 19 genomic scaffold, GRCh38.p13 alternate locus group ALT_REF_LOCI_17 HSCHR19KIR_LUCE_A_HAP_CTG3_1"
"40859605",">NT_187644.1 Homo sapiens chromosome 19 genomic scaffold, GRCh38.p13 alternate locus group ALT_REF_LOCI_18 HSCHR19KIR_LUCE_BDEL_HAP_CTG3_1"
"40861913",">NT_187645.1 Homo sapiens chromosome 19 genomic scaffold, GRCh38.p13 alternate locus group ALT_REF_LOCI_19 HSCHR19KIR_RSH_A_HAP_CTG3_1"
"40864048",">NT_187668.1 Homo sapiens chromosome 19 genomic scaffold, GRCh38.p13 alternate locus group ALT_REF_LOCI_20 HSCHR19KIR_RSH_BA2_HAP_CTG3_1"
"40866614",">NT_187669.1 Homo sapiens chromosome 19 genomic scaffold, GRCh38.p13 alternate locus group ALT_REF_LOCI_21 HSCHR19KIR_T7526_A_HAP_CTG3_1"
"40868749",">NT_187670.1 Homo sapiens chromosome 19 genomic scaffold, GRCh38.p13 alternate locus group ALT_REF_LOCI_22 HSCHR19KIR_T7526_BDEL_HAP_CTG3_1"
"40871057",">NT_187671.1 Homo sapiens chromosome 19 genomic scaffold, GRCh38.p13 alternate locus group ALT_REF_LOCI_23 HSCHR19KIR_ABC08_A1_HAP_CTG3_1"
"40873445",">NT_187672.1 Homo sapiens chromosome 19 genomic scaffold, GRCh38.p13 alternate locus group ALT_REF_LOCI_24 HSCHR19KIR_ABC08_AB_HAP_C_P_CTG3_1"
"40874985",">NT_187673.1 Homo sapiens chromosome 19 genomic scaffold, GRCh38.p13 alternate locus group ALT_REF_LOCI_25 HSCHR19KIR_ABC08_AB_HAP_T_P_CTG3_1"
"40877120",">NT_187674.1 Homo sapiens chromosome 19 genomic scaffold, GRCh38.p13 alternate locus group ALT_REF_LOCI_26 HSCHR19KIR_FH05_A_HAP_CTG3_1"
"40879597",">NT_187675.1 Homo sapiens chromosome 19 genomic scaffold, GRCh38.p13 alternate locus group ALT_REF_LOCI_27 HSCHR19KIR_FH05_B_HAP_CTG3_1"
"40883126",">NT_187676.1 Homo sapiens chromosome 19 genomic scaffold, GRCh38.p13 alternate locus group ALT_REF_LOCI_28 HSCHR19KIR_FH06_A_HAP_CTG3_1"
"40885477",">NT_187677.1 Homo sapiens chromosome 19 genomic scaffold, GRCh38.p13 alternate locus group ALT_REF_LOCI_29 HSCHR19KIR_FH06_BA1_HAP_CTG3_1"
"40887845",">NT_187683.1 Homo sapiens chromosome 19 genomic scaffold, GRCh38.p13 alternate locus group ALT_REF_LOCI_30 HSCHR19KIR_FH08_A_HAP_CTG3_1"
"40890174",">NT_187684.1 Homo sapiens chromosome 19 genomic scaffold, GRCh38.p13 alternate locus group ALT_REF_LOCI_31 HSCHR19KIR_FH08_BAX_HAP_CTG3_1"
"40892685",">NT_187685.1 Homo sapiens chromosome 19 genomic scaffold, GRCh38.p13 alternate locus group ALT_REF_LOCI_32 HSCHR19KIR_FH13_A_HAP_CTG3_1"
"40894813",">NT_187686.1 Homo sapiens chromosome 19 genomic scaffold, GRCh38.p13 alternate locus group ALT_REF_LOCI_33 HSCHR19KIR_FH13_BA2_HAP_CTG3_1"
"40897511",">NT_187687.1 Homo sapiens chromosome 19 genomic scaffold, GRCh38.p13 alternate locus group ALT_REF_LOCI_34 HSCHR19KIR_FH15_A_HAP_CTG3_1"
"40899644",">NT_113949.2 Homo sapiens chromosome 19 genomic scaffold, GRCh38.p13 alternate locus group ALT_REF_LOCI_35 HSCHR19KIR_RP5_B_HAP_CTG3_1"
"40901863",">NC_012920.1 Homo sapiens mitochondrion, complete genome"
"40902071","end_line"
